param_tfidf__max_features;param_tfidf__ngram_range;param_tfidf__min_df;param_tfidf__max_df;param_ridge__alpha;mean_test_score;std_test_score;rank_test_score
5000;(1, 4);2;0.7;1.0;1.5609853008594856;0.18724444757787656;1
5000;(1, 4);2;0.8;1.0;1.5609853008594856;0.18724444757787656;1
5000;(1, 4);2;0.6;1.0;1.5609853008594856;0.18724444757787656;1
5000;(1, 4);2;0.9;1.0;1.5609853008594856;0.18724444757787656;1
5000;(1, 4);1;0.7;1.0;1.5620086312221884;0.18173049718074394;5
5000;(1, 4);1;0.8;1.0;1.5620086312221884;0.18173049718074394;5
5000;(1, 4);1;0.6;1.0;1.5620086312221884;0.18173049718074394;5
5000;(1, 4);1;0.9;1.0;1.5620086312221884;0.18173049718074394;5
5000;(1, 4);3;0.7;1.0;1.56260343456632;0.1933136638004445;9
4000;(1, 4);3;0.8;1.0;1.56260343456632;0.1933136638004445;9
5000;(1, 4);3;0.8;1.0;1.56260343456632;0.1933136638004445;9
5000;(1, 4);3;0.6;1.0;1.56260343456632;0.1933136638004445;9
4000;(1, 4);3;0.6;1.0;1.56260343456632;0.1933136638004445;9
4000;(1, 4);3;0.9;1.0;1.56260343456632;0.1933136638004445;9
5000;(1, 4);3;0.9;1.0;1.56260343456632;0.1933136638004445;9
4000;(1, 4);3;0.7;1.0;1.56260343456632;0.1933136638004445;9
4000;(1, 3);2;0.6;1.0;1.5639354407317725;0.1867912853459386;17
4000;(1, 3);2;0.9;1.0;1.5639354407317725;0.1867912853459386;17
4000;(1, 3);2;0.8;1.0;1.5639354407317725;0.1867912853459386;17
4000;(1, 3);2;0.7;1.0;1.5639354407317725;0.1867912853459386;17
4000;(1, 4);2;0.6;1.0;1.564663422266194;0.19198760145740396;21
4000;(1, 4);2;0.9;1.0;1.564663422266194;0.19198760145740396;21
4000;(1, 4);2;0.8;1.0;1.564663422266194;0.19198760145740396;21
4000;(1, 4);2;0.7;1.0;1.564663422266194;0.19198760145740396;21
5000;(1, 3);1;0.8;1.0;1.564965900458605;0.18424837305767397;25
5000;(1, 3);1;0.9;1.0;1.564965900458605;0.18424837305767397;25
5000;(1, 3);1;0.7;1.0;1.564965900458605;0.18424837305767397;25
5000;(1, 3);1;0.6;1.0;1.564965900458605;0.18424837305767397;25
4000;(1, 3);1;0.7;1.0;1.5650589767749885;0.1868747806292954;29
4000;(1, 3);1;0.8;1.0;1.5650589767749885;0.1868747806292954;29
4000;(1, 3);1;0.6;1.0;1.5650589767749885;0.1868747806292954;29
4000;(1, 3);1;0.9;1.0;1.5650589767749885;0.1868747806292954;29
4000;(1, 4);1;0.8;1.0;1.5653554140915702;0.18674383315373075;33
4000;(1, 4);1;0.6;1.0;1.5653554140915702;0.18674383315373075;33
4000;(1, 4);1;0.9;1.0;1.5653554140915702;0.18674383315373075;33
4000;(1, 4);1;0.7;1.0;1.5653554140915702;0.18674383315373075;33
5000;(1, 3);3;0.8;1.0;1.5667059137391033;0.19200132467978204;37
4000;(1, 3);3;0.7;1.0;1.5667059137391033;0.19200132467978204;37
5000;(1, 3);3;0.7;1.0;1.5667059137391033;0.19200132467978204;37
4000;(1, 3);3;0.8;1.0;1.5667059137391033;0.19200132467978204;37
5000;(1, 3);3;0.6;1.0;1.5667059137391033;0.19200132467978204;37
4000;(1, 3);3;0.9;1.0;1.5667059137391033;0.19200132467978204;37
4000;(1, 3);3;0.6;1.0;1.5667059137391033;0.19200132467978204;37
5000;(1, 3);3;0.9;1.0;1.5667059137391033;0.19200132467978204;37
3000;(1, 3);3;0.8;1.0;1.5671018862095756;0.19214968206580876;45
3000;(1, 3);3;0.7;1.0;1.5671018862095756;0.19214968206580876;45
3000;(1, 3);3;0.6;1.0;1.5671018862095756;0.19214968206580876;45
3000;(1, 3);3;0.9;1.0;1.5671018862095756;0.19214968206580876;45
3000;(1, 4);3;0.8;1.0;1.56722281864679;0.19680848625858935;49
3000;(1, 4);3;0.9;1.0;1.56722281864679;0.19680848625858935;49
3000;(1, 4);3;0.6;1.0;1.56722281864679;0.19680848625858935;49
3000;(1, 4);3;0.7;1.0;1.56722281864679;0.19680848625858935;49
5000;(1, 3);2;0.8;1.0;1.5690385387706045;0.1863124828855234;53
5000;(1, 3);2;0.9;1.0;1.5690385387706045;0.1863124828855234;53
5000;(1, 3);2;0.7;1.0;1.5690385387706045;0.1863124828855234;53
5000;(1, 3);2;0.6;1.0;1.5690385387706045;0.1863124828855234;53
3000;(1, 4);1;0.8;1.0;1.569258121622166;0.19392362398778942;57
3000;(1, 4);1;0.6;1.0;1.569258121622166;0.19392362398778942;57
3000;(1, 4);1;0.9;1.0;1.569258121622166;0.19392362398778942;57
3000;(1, 4);1;0.7;1.0;1.569258121622166;0.19392362398778942;57
3000;(1, 3);2;0.7;1.0;1.5694083864557622;0.1886654722717207;61
3000;(1, 3);2;0.8;1.0;1.5694083864557622;0.1886654722717207;61
3000;(1, 3);2;0.6;1.0;1.5694083864557622;0.1886654722717207;61
3000;(1, 3);2;0.9;1.0;1.5694083864557622;0.1886654722717207;61
3000;(1, 3);1;0.8;1.0;1.5719419278257303;0.1940960854664844;65
3000;(1, 3);1;0.6;1.0;1.5719419278257303;0.1940960854664844;65
3000;(1, 3);1;0.9;1.0;1.5719419278257303;0.1940960854664844;65
3000;(1, 3);1;0.7;1.0;1.5719419278257303;0.1940960854664844;65
3000;(1, 4);2;0.7;1.0;1.5722627618846765;0.1983198150994156;69
3000;(1, 4);2;0.6;1.0;1.5722627618846765;0.1983198150994156;69
3000;(1, 4);2;0.8;1.0;1.5722627618846765;0.1983198150994156;69
3000;(1, 4);2;0.9;1.0;1.5722627618846765;0.1983198150994156;69
5000;(1, 2);2;0.9;1.0;1.577255018024402;0.18503608447050873;73
4000;(1, 2);2;0.7;1.0;1.577255018024402;0.18503608447050873;73
5000;(1, 2);2;0.7;1.0;1.577255018024402;0.18503608447050873;73
4000;(1, 2);2;0.8;1.0;1.577255018024402;0.18503608447050873;73
5000;(1, 2);2;0.8;1.0;1.577255018024402;0.18503608447050873;73
4000;(1, 2);2;0.6;1.0;1.577255018024402;0.18503608447050873;73
4000;(1, 2);2;0.9;1.0;1.577255018024402;0.18503608447050873;73
5000;(1, 2);2;0.6;1.0;1.577255018024402;0.18503608447050873;73
2000;(1, 2);3;0.8;1.0;1.5773960995296423;0.19365891694999748;81
2000;(1, 2);3;0.9;1.0;1.5773960995296423;0.19365891694999748;81
2000;(1, 2);3;0.7;1.0;1.5773960995296423;0.19365891694999748;81
2000;(1, 2);3;0.6;1.0;1.5773960995296423;0.19365891694999748;81
3000;(1, 2);1;0.6;1.0;1.5775078192019503;0.18395293610084432;85
3000;(1, 2);1;0.9;1.0;1.5775078192019503;0.18395293610084432;85
3000;(1, 2);1;0.8;1.0;1.5775078192019503;0.18395293610084432;85
3000;(1, 2);1;0.7;1.0;1.5775078192019503;0.18395293610084432;85
5000;(1, 2);1;0.8;1.0;1.579265351307121;0.1854087226316314;89
5000;(1, 2);1;0.6;1.0;1.579265351307121;0.1854087226316314;89
5000;(1, 2);1;0.9;1.0;1.579265351307121;0.1854087226316314;89
5000;(1, 2);1;0.7;1.0;1.579265351307121;0.1854087226316314;89
5000;(1, 2);3;0.7;1.0;1.5796384895947049;0.19196910623821062;93
4000;(1, 2);3;0.7;1.0;1.5796384895947049;0.19196910623821062;93
4000;(1, 2);3;0.6;1.0;1.5796384895947049;0.19196910623821062;93
5000;(1, 2);3;0.9;1.0;1.5796384895947049;0.19196910623821062;93
3000;(1, 2);3;0.6;1.0;1.5796384895947049;0.19196910623821062;93
5000;(1, 2);3;0.6;1.0;1.5796384895947049;0.19196910623821062;93
3000;(1, 2);3;0.9;1.0;1.5796384895947049;0.19196910623821062;93
4000;(1, 2);3;0.9;1.0;1.5796384895947049;0.19196910623821062;93
3000;(1, 2);3;0.7;1.0;1.5796384895947049;0.19196910623821062;93
3000;(1, 2);3;0.8;1.0;1.5796384895947049;0.19196910623821062;93
4000;(1, 2);3;0.8;1.0;1.5796384895947049;0.19196910623821062;93
5000;(1, 2);3;0.8;1.0;1.5796384895947049;0.19196910623821062;93
4000;(1, 2);1;0.7;1.0;1.57973519699868;0.1863824711294004;105
4000;(1, 2);1;0.9;1.0;1.57973519699868;0.1863824711294004;105
4000;(1, 2);1;0.8;1.0;1.57973519699868;0.1863824711294004;105
4000;(1, 2);1;0.6;1.0;1.57973519699868;0.1863824711294004;105
3000;(1, 2);2;0.6;1.0;1.579884228031402;0.18620368298106735;109
3000;(1, 2);2;0.7;1.0;1.579884228031402;0.18620368298106735;109
3000;(1, 2);2;0.8;1.0;1.579884228031402;0.18620368298106735;109
3000;(1, 2);2;0.9;1.0;1.579884228031402;0.18620368298106735;109
2000;(1, 4);1;0.6;1.0;1.5836813397038072;0.21360181829480518;113
2000;(1, 4);1;0.7;1.0;1.5836813397038072;0.21360181829480518;113
2000;(1, 4);1;0.9;1.0;1.5836813397038072;0.21360181829480518;113
2000;(1, 4);1;0.8;1.0;1.5836813397038072;0.21360181829480518;113
2000;(1, 3);1;0.6;1.0;1.5845761765403263;0.20311773446724737;117
2000;(1, 3);1;0.8;1.0;1.5845761765403263;0.20311773446724737;117
2000;(1, 3);1;0.7;1.0;1.5845761765403263;0.20311773446724737;117
2000;(1, 3);1;0.9;1.0;1.5845761765403263;0.20311773446724737;117
2000;(1, 4);2;0.9;1.0;1.5855173334235242;0.20840636944323943;121
2000;(1, 4);2;0.7;1.0;1.5855173334235242;0.20840636944323943;121
2000;(1, 4);2;0.8;1.0;1.5855173334235242;0.20840636944323943;121
2000;(1, 4);2;0.6;1.0;1.5855173334235242;0.20840636944323943;121
2000;(1, 3);3;0.6;1.0;1.5867892039393456;0.19525228204346134;125
2000;(1, 3);3;0.9;1.0;1.5867892039393456;0.19525228204346134;125
2000;(1, 3);3;0.8;1.0;1.5867892039393456;0.19525228204346134;125
2000;(1, 3);3;0.7;1.0;1.5867892039393456;0.19525228204346134;125
2000;(1, 2);1;0.7;1.0;1.5892364060386188;0.19063520240803122;129
2000;(1, 2);1;0.9;1.0;1.5892364060386188;0.19063520240803122;129
2000;(1, 2);1;0.8;1.0;1.5892364060386188;0.19063520240803122;129
2000;(1, 2);1;0.6;1.0;1.5892364060386188;0.19063520240803122;129
2000;(1, 3);2;0.9;1.0;1.5892809300795214;0.20725339751229752;133
2000;(1, 3);2;0.8;1.0;1.5892809300795214;0.20725339751229752;133
2000;(1, 3);2;0.7;1.0;1.5892809300795214;0.20725339751229752;133
2000;(1, 3);2;0.6;1.0;1.5892809300795214;0.20725339751229752;133
2000;(1, 2);2;0.9;1.0;1.5892906696918907;0.19253129401495425;137
2000;(1, 2);2;0.6;1.0;1.5892906696918907;0.19253129401495425;137
2000;(1, 2);2;0.7;1.0;1.5892906696918907;0.19253129401495425;137
2000;(1, 2);2;0.8;1.0;1.5892906696918907;0.19253129401495425;137
2000;(1, 4);3;0.9;1.0;1.589920151789525;0.20270771180065658;141
2000;(1, 4);3;0.6;1.0;1.589920151789525;0.20270771180065658;141
2000;(1, 4);3;0.8;1.0;1.589920151789525;0.20270771180065658;141
2000;(1, 4);3;0.7;1.0;1.589920151789525;0.20270771180065658;141
1000;(1, 3);2;0.6;10.0;1.6010739547476205;0.18214903693449253;145
1000;(1, 3);2;0.8;10.0;1.6010739547476205;0.18214903693449253;145
1000;(1, 3);2;0.7;10.0;1.6010739547476205;0.18214903693449253;145
1000;(1, 3);2;0.9;10.0;1.6010739547476205;0.18214903693449253;145
1000;(1, 4);3;0.6;10.0;1.6024776163801495;0.18258238660336043;149
1000;(1, 4);3;0.7;10.0;1.6024776163801495;0.18258238660336043;149
1000;(1, 4);3;0.9;10.0;1.6024776163801495;0.18258238660336043;149
1000;(1, 4);3;0.8;10.0;1.6024776163801495;0.18258238660336043;149
1000;(1, 4);1;0.7;10.0;1.6035904992808152;0.18141288764295382;153
1000;(1, 4);1;0.9;10.0;1.6035904992808152;0.18141288764295382;153
1000;(1, 4);1;0.6;10.0;1.6035904992808152;0.18141288764295382;153
1000;(1, 4);1;0.8;10.0;1.6035904992808152;0.18141288764295382;153
1000;(1, 3);1;0.6;10.0;1.6038695770559463;0.18187125528527145;157
1000;(1, 3);1;0.9;10.0;1.6038695770559463;0.18187125528527145;157
1000;(1, 3);1;0.8;10.0;1.6038695770559463;0.18187125528527145;157
1000;(1, 3);1;0.7;10.0;1.6038695770559463;0.18187125528527145;157
1000;(1, 4);2;0.6;10.0;1.6049516718941592;0.17991819479320798;161
1000;(1, 4);2;0.7;10.0;1.6049516718941592;0.17991819479320798;161
1000;(1, 4);2;0.8;10.0;1.6049516718941592;0.17991819479320798;161
1000;(1, 4);2;0.9;10.0;1.6049516718941592;0.17991819479320798;161
1000;(1, 3);2;0.6;1.0;1.6058256491788743;0.18111341848771792;165
1000;(1, 3);2;0.7;1.0;1.6058256491788743;0.18111341848771792;165
1000;(1, 3);2;0.9;1.0;1.6058256491788743;0.18111341848771792;165
1000;(1, 3);2;0.8;1.0;1.6058256491788743;0.18111341848771792;165
1000;(1, 2);2;0.7;10.0;1.6061621911079444;0.18350400000267342;169
1000;(1, 2);2;0.9;10.0;1.6061621911079444;0.18350400000267342;169
1000;(1, 2);2;0.6;10.0;1.6061621911079444;0.18350400000267342;169
1000;(1, 2);2;0.8;10.0;1.6061621911079444;0.18350400000267342;169
1000;(1, 3);3;0.6;10.0;1.606440907157241;0.18063908734748504;173
1000;(1, 3);3;0.8;10.0;1.606440907157241;0.18063908734748504;173
1000;(1, 3);3;0.7;10.0;1.606440907157241;0.18063908734748504;173
1000;(1, 3);3;0.9;10.0;1.606440907157241;0.18063908734748504;173
1000;(1, 4);3;0.6;1.0;1.606772675851437;0.18409045408251626;177
1000;(1, 4);3;0.9;1.0;1.606772675851437;0.18409045408251626;177
1000;(1, 4);3;0.7;1.0;1.606772675851437;0.18409045408251626;177
1000;(1, 4);3;0.8;1.0;1.606772675851437;0.18409045408251626;177
1000;(1, 2);3;0.8;10.0;1.6069637034251663;0.1836007998280469;181
1000;(1, 2);3;0.7;10.0;1.6069637034251663;0.1836007998280469;181
1000;(1, 2);3;0.6;10.0;1.6069637034251663;0.1836007998280469;181
1000;(1, 2);3;0.9;10.0;1.6069637034251663;0.1836007998280469;181
1000;(1, 2);1;0.7;10.0;1.6088016963267897;0.17873056038157356;185
1000;(1, 2);1;0.8;10.0;1.6088016963267897;0.17873056038157356;185
1000;(1, 2);1;0.6;10.0;1.6088016963267897;0.17873056038157356;185
1000;(1, 2);1;0.9;10.0;1.6088016963267897;0.17873056038157356;185
2000;(1, 4);1;0.7;10.0;1.6114447291637493;0.18575004555932498;189
2000;(1, 4);1;0.6;10.0;1.6114447291637493;0.18575004555932498;189
2000;(1, 4);1;0.9;10.0;1.6114447291637493;0.18575004555932498;189
2000;(1, 4);1;0.8;10.0;1.6114447291637493;0.18575004555932498;189
2000;(1, 4);3;0.6;10.0;1.6128578393002886;0.18276625003502217;193
2000;(1, 4);3;0.9;10.0;1.6128578393002886;0.18276625003502217;193
2000;(1, 4);3;0.7;10.0;1.6128578393002886;0.18276625003502217;193
2000;(1, 4);3;0.8;10.0;1.6128578393002886;0.18276625003502217;193
1000;(1, 4);1;0.8;1.0;1.6130239693876844;0.17902080627612904;197
1000;(1, 4);1;0.6;1.0;1.6130239693876844;0.17902080627612904;197
1000;(1, 4);1;0.7;1.0;1.6130239693876844;0.17902080627612904;197
1000;(1, 4);1;0.9;1.0;1.6130239693876844;0.17902080627612904;197
1000;(1, 2);2;0.9;1.0;1.6132463874143244;0.20117943706033103;201
1000;(1, 2);2;0.8;1.0;1.6132463874143244;0.20117943706033103;201
1000;(1, 2);2;0.6;1.0;1.6132463874143244;0.20117943706033103;201
1000;(1, 2);2;0.7;1.0;1.6132463874143244;0.20117943706033103;201
2000;(1, 3);1;0.8;10.0;1.6133072807343811;0.1815189792417302;205
2000;(1, 3);1;0.9;10.0;1.6133072807343811;0.1815189792417302;205
2000;(1, 3);1;0.6;10.0;1.6133072807343811;0.1815189792417302;205
2000;(1, 3);1;0.7;10.0;1.6133072807343811;0.1815189792417302;205
2000;(1, 4);2;0.7;10.0;1.6133527262985972;0.18353388254008798;209
2000;(1, 4);2;0.8;10.0;1.6133527262985972;0.18353388254008798;209
2000;(1, 4);2;0.6;10.0;1.6133527262985972;0.18353388254008798;209
2000;(1, 4);2;0.9;10.0;1.6133527262985972;0.18353388254008798;209
2000;(1, 3);3;0.6;10.0;1.6138689579818664;0.18074738562747192;213
2000;(1, 3);3;0.7;10.0;1.6138689579818664;0.18074738562747192;213
2000;(1, 3);3;0.8;10.0;1.6138689579818664;0.18074738562747192;213
2000;(1, 3);3;0.9;10.0;1.6138689579818664;0.18074738562747192;213
2000;(1, 2);3;0.7;10.0;1.6148813723297575;0.18001879670170629;217
2000;(1, 2);3;0.9;10.0;1.6148813723297575;0.18001879670170629;217
2000;(1, 2);3;0.6;10.0;1.6148813723297575;0.18001879670170629;217
2000;(1, 2);3;0.8;10.0;1.6148813723297575;0.18001879670170629;217
2000;(1, 3);2;0.6;10.0;1.615696870141209;0.1835008107809411;221
2000;(1, 3);2;0.7;10.0;1.615696870141209;0.1835008107809411;221
2000;(1, 3);2;0.8;10.0;1.615696870141209;0.1835008107809411;221
2000;(1, 3);2;0.9;10.0;1.615696870141209;0.1835008107809411;221
3000;(1, 4);3;0.6;10.0;1.616682531318109;0.18013680706420268;225
3000;(1, 4);3;0.8;10.0;1.616682531318109;0.18013680706420268;225
3000;(1, 4);3;0.7;10.0;1.616682531318109;0.18013680706420268;225
3000;(1, 4);3;0.9;10.0;1.616682531318109;0.18013680706420268;225
1000;(1, 4);2;0.7;1.0;1.6167450642011485;0.17285584080656613;229
1000;(1, 4);2;0.8;1.0;1.6167450642011485;0.17285584080656613;229
1000;(1, 4);2;0.6;1.0;1.6167450642011485;0.17285584080656613;229
1000;(1, 4);2;0.9;1.0;1.6167450642011485;0.17285584080656613;229
3000;(1, 4);1;0.7;10.0;1.6173638584194208;0.1792037724331356;233
3000;(1, 4);1;0.8;10.0;1.6173638584194208;0.1792037724331356;233
3000;(1, 4);1;0.9;10.0;1.6173638584194208;0.1792037724331356;233
3000;(1, 4);1;0.6;10.0;1.6173638584194208;0.1792037724331356;233
1000;(1, 3);1;0.9;1.0;1.6179340506334756;0.17651148711248624;237
1000;(1, 3);1;0.7;1.0;1.6179340506334756;0.17651148711248624;237
1000;(1, 3);1;0.6;1.0;1.6179340506334756;0.17651148711248624;237
1000;(1, 3);1;0.8;1.0;1.6179340506334756;0.17651148711248624;237
4000;(1, 2);3;0.8;10.0;1.618057981379724;0.17851684936258627;241
3000;(1, 2);3;0.8;10.0;1.618057981379724;0.17851684936258627;241
5000;(1, 2);3;0.9;10.0;1.618057981379724;0.17851684936258627;241
3000;(1, 2);3;0.6;10.0;1.618057981379724;0.17851684936258627;241
4000;(1, 2);3;0.6;10.0;1.618057981379724;0.17851684936258627;241
5000;(1, 2);3;0.6;10.0;1.618057981379724;0.17851684936258627;241
5000;(1, 2);3;0.7;10.0;1.618057981379724;0.17851684936258627;241
4000;(1, 2);3;0.9;10.0;1.618057981379724;0.17851684936258627;241
4000;(1, 2);3;0.7;10.0;1.618057981379724;0.17851684936258627;241
3000;(1, 2);3;0.9;10.0;1.618057981379724;0.17851684936258627;241
5000;(1, 2);3;0.8;10.0;1.618057981379724;0.17851684936258627;241
3000;(1, 2);3;0.7;10.0;1.618057981379724;0.17851684936258627;241
2000;(1, 2);1;0.8;10.0;1.6184509061131513;0.17702909640792083;253
2000;(1, 2);1;0.7;10.0;1.6184509061131513;0.17702909640792083;253
2000;(1, 2);1;0.6;10.0;1.6184509061131513;0.17702909640792083;253
2000;(1, 2);1;0.9;10.0;1.6184509061131513;0.17702909640792083;253
5000;(1, 4);3;0.8;10.0;1.6186316683316622;0.17994615792508997;257
5000;(1, 4);3;0.9;10.0;1.6186316683316622;0.17994615792508997;257
4000;(1, 4);3;0.7;10.0;1.6186316683316622;0.17994615792508997;257
5000;(1, 4);3;0.7;10.0;1.6186316683316622;0.17994615792508997;257
4000;(1, 4);3;0.9;10.0;1.6186316683316622;0.17994615792508997;257
4000;(1, 4);3;0.6;10.0;1.6186316683316622;0.17994615792508997;257
4000;(1, 4);3;0.8;10.0;1.6186316683316622;0.17994615792508997;257
5000;(1, 4);3;0.6;10.0;1.6186316683316622;0.17994615792508997;257
2000;(1, 2);2;0.8;10.0;1.6186892674116748;0.17788952620386786;265
2000;(1, 2);2;0.6;10.0;1.6186892674116748;0.17788952620386786;265
2000;(1, 2);2;0.7;10.0;1.6186892674116748;0.17788952620386786;265
2000;(1, 2);2;0.9;10.0;1.6186892674116748;0.17788952620386786;265
3000;(1, 3);3;0.7;10.0;1.6187849847819114;0.1793220941211014;269
3000;(1, 3);3;0.9;10.0;1.6187849847819114;0.1793220941211014;269
3000;(1, 3);3;0.8;10.0;1.6187849847819114;0.1793220941211014;269
3000;(1, 3);3;0.6;10.0;1.6187849847819114;0.1793220941211014;269
3000;(1, 3);2;0.7;10.0;1.6188073857597793;0.1783443258916436;273
3000;(1, 3);2;0.6;10.0;1.6188073857597793;0.1783443258916436;273
3000;(1, 3);2;0.8;10.0;1.6188073857597793;0.1783443258916436;273
3000;(1, 3);2;0.9;10.0;1.6188073857597793;0.1783443258916436;273
4000;(1, 3);3;0.9;10.0;1.6188849461617192;0.17935564071063362;277
4000;(1, 3);3;0.7;10.0;1.6188849461617192;0.17935564071063362;277
5000;(1, 3);3;0.9;10.0;1.6188849461617192;0.17935564071063362;277
5000;(1, 3);3;0.6;10.0;1.6188849461617192;0.17935564071063362;277
4000;(1, 3);3;0.6;10.0;1.6188849461617192;0.17935564071063362;277
5000;(1, 3);3;0.7;10.0;1.6188849461617192;0.17935564071063362;277
5000;(1, 3);3;0.8;10.0;1.6188849461617192;0.17935564071063362;277
4000;(1, 3);3;0.8;10.0;1.6188849461617192;0.17935564071063362;277
3000;(1, 4);2;0.8;10.0;1.6189487383556629;0.1813985007173163;285
3000;(1, 4);2;0.7;10.0;1.6189487383556629;0.1813985007173163;285
3000;(1, 4);2;0.6;10.0;1.6189487383556629;0.1813985007173163;285
3000;(1, 4);2;0.9;10.0;1.6189487383556629;0.1813985007173163;285
1000;(1, 1);3;0.8;10.0;1.6208242441295089;0.19119343701065553;289
5000;(1, 1);3;0.7;10.0;1.6208242441295089;0.19119343701065553;289
3000;(1, 1);3;0.9;10.0;1.6208242441295089;0.19119343701065553;289
4000;(1, 1);3;0.9;10.0;1.6208242441295089;0.19119343701065553;289
1000;(1, 1);3;0.7;10.0;1.6208242441295089;0.19119343701065553;289
2000;(1, 1);3;0.8;10.0;1.6208242441295089;0.19119343701065553;289
5000;(1, 1);3;0.9;10.0;1.6208242441295089;0.19119343701065553;289
4000;(1, 1);3;0.8;10.0;1.6208242441295089;0.19119343701065553;289
5000;(1, 1);3;0.6;10.0;1.6208242441295089;0.19119343701065553;289
4000;(1, 1);3;0.6;10.0;1.6208242441295089;0.19119343701065553;289
2000;(1, 1);3;0.9;10.0;1.6208242441295089;0.19119343701065553;289
4000;(1, 1);3;0.7;10.0;1.6208242441295089;0.19119343701065553;289
3000;(1, 1);3;0.6;10.0;1.6208242441295089;0.19119343701065553;289
1000;(1, 1);3;0.9;10.0;1.6208242441295089;0.19119343701065553;289
3000;(1, 1);3;0.7;10.0;1.6208242441295089;0.19119343701065553;289
2000;(1, 1);3;0.6;10.0;1.6208242441295089;0.19119343701065553;289
5000;(1, 1);3;0.8;10.0;1.6208242441295089;0.19119343701065553;289
1000;(1, 1);3;0.6;10.0;1.6208242441295089;0.19119343701065553;289
2000;(1, 1);3;0.7;10.0;1.6208242441295089;0.19119343701065553;289
3000;(1, 1);3;0.8;10.0;1.6208242441295089;0.19119343701065553;289
3000;(1, 3);1;0.9;10.0;1.620980251371225;0.18000977888541897;309
3000;(1, 3);1;0.6;10.0;1.620980251371225;0.18000977888541897;309
3000;(1, 3);1;0.8;10.0;1.620980251371225;0.18000977888541897;309
3000;(1, 3);1;0.7;10.0;1.620980251371225;0.18000977888541897;309
4000;(1, 4);1;0.9;10.0;1.6219921676559832;0.17778384867511068;313
4000;(1, 4);1;0.7;10.0;1.6219921676559832;0.17778384867511068;313
4000;(1, 4);1;0.6;10.0;1.6219921676559832;0.17778384867511068;313
4000;(1, 4);1;0.8;10.0;1.6219921676559832;0.17778384867511068;313
4000;(1, 3);2;0.9;10.0;1.6221867987105512;0.17842637355344043;317
4000;(1, 3);2;0.6;10.0;1.6221867987105512;0.17842637355344043;317
4000;(1, 3);2;0.8;10.0;1.6221867987105512;0.17842637355344043;317
4000;(1, 3);2;0.7;10.0;1.6221867987105512;0.17842637355344043;317
4000;(1, 4);2;0.7;10.0;1.6226122380292238;0.17887747861135667;321
4000;(1, 4);2;0.9;10.0;1.6226122380292238;0.17887747861135667;321
4000;(1, 4);2;0.6;10.0;1.6226122380292238;0.17887747861135667;321
4000;(1, 4);2;0.8;10.0;1.6226122380292238;0.17887747861135667;321
1000;(1, 3);3;0.7;1.0;1.6236254092765208;0.17499830573578198;325
1000;(1, 3);3;0.9;1.0;1.6236254092765208;0.17499830573578198;325
1000;(1, 3);3;0.6;1.0;1.6236254092765208;0.17499830573578198;325
1000;(1, 3);3;0.8;1.0;1.6236254092765208;0.17499830573578198;325
5000;(1, 1);2;0.8;10.0;1.6238511076957962;0.1877960544379116;329
2000;(1, 1);2;0.7;10.0;1.6238511076957962;0.1877960544379116;329
5000;(1, 1);2;0.9;10.0;1.6238511076957962;0.1877960544379116;329
2000;(1, 1);2;0.9;10.0;1.6238511076957962;0.1877960544379116;329
4000;(1, 1);2;0.7;10.0;1.6238511076957962;0.1877960544379116;329
1000;(1, 1);2;0.6;10.0;1.6238511076957962;0.1877960544379116;329
2000;(1, 1);2;0.6;10.0;1.6238511076957962;0.1877960544379116;329
3000;(1, 1);2;0.8;10.0;1.6238511076957962;0.1877960544379116;329
3000;(1, 1);2;0.6;10.0;1.6238511076957962;0.1877960544379116;329
3000;(1, 1);2;0.7;10.0;1.6238511076957962;0.1877960544379116;329
1000;(1, 1);2;0.9;10.0;1.6238511076957962;0.1877960544379116;329
2000;(1, 1);2;0.8;10.0;1.6238511076957962;0.1877960544379116;329
1000;(1, 1);2;0.7;10.0;1.6238511076957962;0.1877960544379116;329
3000;(1, 1);2;0.9;10.0;1.6238511076957962;0.1877960544379116;329
4000;(1, 1);2;0.6;10.0;1.6238511076957962;0.1877960544379116;329
5000;(1, 1);2;0.7;10.0;1.6238511076957962;0.1877960544379116;329
1000;(1, 1);2;0.8;10.0;1.6238511076957962;0.1877960544379116;329
4000;(1, 1);2;0.9;10.0;1.6238511076957962;0.1877960544379116;329
5000;(1, 1);2;0.6;10.0;1.6238511076957962;0.1877960544379116;329
4000;(1, 1);2;0.8;10.0;1.6238511076957962;0.1877960544379116;329
1000;(1, 1);1;0.6;10.0;1.6241829078657524;0.18620507205429493;349
1000;(1, 1);1;0.7;10.0;1.6241829078657524;0.18620507205429493;349
1000;(1, 1);1;0.8;10.0;1.6241829078657524;0.18620507205429493;349
1000;(1, 1);1;0.9;10.0;1.6241829078657524;0.18620507205429493;349
4000;(1, 3);1;0.6;10.0;1.6244458131998876;0.17817943115187992;353
4000;(1, 3);1;0.8;10.0;1.6244458131998876;0.17817943115187992;353
4000;(1, 3);1;0.7;10.0;1.6244458131998876;0.17817943115187992;353
4000;(1, 3);1;0.9;10.0;1.6244458131998876;0.17817943115187992;353
3000;(1, 1);1;0.6;10.0;1.6246314189686948;0.18407466748422927;357
2000;(1, 1);1;0.9;10.0;1.6246314189686948;0.18407466748422927;357
5000;(1, 1);1;0.8;10.0;1.6246314189686948;0.18407466748422927;357
4000;(1, 1);1;0.7;10.0;1.6246314189686948;0.18407466748422927;357
2000;(1, 1);1;0.6;10.0;1.6246314189686948;0.18407466748422927;357
5000;(1, 1);1;0.6;10.0;1.6246314189686948;0.18407466748422927;357
4000;(1, 1);1;0.9;10.0;1.6246314189686948;0.18407466748422927;357
2000;(1, 1);1;0.7;10.0;1.6246314189686948;0.18407466748422927;357
4000;(1, 1);1;0.8;10.0;1.6246314189686948;0.18407466748422927;357
4000;(1, 1);1;0.6;10.0;1.6246314189686948;0.18407466748422927;357
5000;(1, 1);1;0.7;10.0;1.6246314189686948;0.18407466748422927;357
5000;(1, 1);1;0.9;10.0;1.6246314189686948;0.18407466748422927;357
3000;(1, 1);1;0.7;10.0;1.6246314189686948;0.18407466748422927;357
3000;(1, 1);1;0.8;10.0;1.6246314189686948;0.18407466748422927;357
2000;(1, 1);1;0.8;10.0;1.6246314189686948;0.18407466748422927;357
3000;(1, 1);1;0.9;10.0;1.6246314189686948;0.18407466748422927;357
5000;(1, 4);2;0.8;10.0;1.6246994860137065;0.1784523077830094;373
5000;(1, 4);2;0.9;10.0;1.6246994860137065;0.1784523077830094;373
5000;(1, 4);2;0.7;10.0;1.6246994860137065;0.1784523077830094;373
5000;(1, 4);2;0.6;10.0;1.6246994860137065;0.1784523077830094;373
3000;(1, 2);1;0.9;10.0;1.6247428017969239;0.17572222694502346;377
3000;(1, 2);1;0.8;10.0;1.6247428017969239;0.17572222694502346;377
3000;(1, 2);1;0.6;10.0;1.6247428017969239;0.17572222694502346;377
3000;(1, 2);1;0.7;10.0;1.6247428017969239;0.17572222694502346;377
3000;(1, 2);2;0.9;10.0;1.6248264397371361;0.1765364081391369;381
3000;(1, 2);2;0.7;10.0;1.6248264397371361;0.1765364081391369;381
3000;(1, 2);2;0.6;10.0;1.6248264397371361;0.1765364081391369;381
3000;(1, 2);2;0.8;10.0;1.6248264397371361;0.1765364081391369;381
5000;(1, 4);1;0.9;10.0;1.625261108285747;0.17802574956121367;385
5000;(1, 4);1;0.7;10.0;1.625261108285747;0.17802574956121367;385
5000;(1, 4);1;0.6;10.0;1.625261108285747;0.17802574956121367;385
5000;(1, 4);1;0.8;10.0;1.625261108285747;0.17802574956121367;385
1000;(1, 2);3;0.9;1.0;1.6262858144342975;0.1982519285991158;389
1000;(1, 2);3;0.8;1.0;1.6262858144342975;0.1982519285991158;389
1000;(1, 2);3;0.6;1.0;1.6262858144342975;0.1982519285991158;389
1000;(1, 2);3;0.7;1.0;1.6262858144342975;0.1982519285991158;389
4000;(1, 2);2;0.7;10.0;1.6272626141855668;0.17683348192646264;393
5000;(1, 2);2;0.8;10.0;1.6272626141855668;0.17683348192646264;393
4000;(1, 2);2;0.6;10.0;1.6272626141855668;0.17683348192646264;393
5000;(1, 2);2;0.6;10.0;1.6272626141855668;0.17683348192646264;393
5000;(1, 2);2;0.7;10.0;1.6272626141855668;0.17683348192646264;393
4000;(1, 2);2;0.9;10.0;1.6272626141855668;0.17683348192646264;393
5000;(1, 2);2;0.9;10.0;1.6272626141855668;0.17683348192646264;393
4000;(1, 2);2;0.8;10.0;1.6272626141855668;0.17683348192646264;393
5000;(1, 3);1;0.8;10.0;1.6287927379236493;0.17668646073346977;401
5000;(1, 3);1;0.7;10.0;1.6287927379236493;0.17668646073346977;401
5000;(1, 3);1;0.6;10.0;1.6287927379236493;0.17668646073346977;401
5000;(1, 3);1;0.9;10.0;1.6287927379236493;0.17668646073346977;401
5000;(1, 3);2;0.7;10.0;1.6291492582652094;0.17711136667269686;405
5000;(1, 3);2;0.8;10.0;1.6291492582652094;0.17711136667269686;405
5000;(1, 3);2;0.6;10.0;1.6291492582652094;0.17711136667269686;405
5000;(1, 3);2;0.9;10.0;1.6291492582652094;0.17711136667269686;405
4000;(1, 2);1;0.9;10.0;1.6293063674060153;0.17492410120527824;409
4000;(1, 2);1;0.7;10.0;1.6293063674060153;0.17492410120527824;409
4000;(1, 2);1;0.6;10.0;1.6293063674060153;0.17492410120527824;409
4000;(1, 2);1;0.8;10.0;1.6293063674060153;0.17492410120527824;409
1000;(1, 2);1;0.9;1.0;1.6300034960313385;0.1708906126987788;413
1000;(1, 2);1;0.8;1.0;1.6300034960313385;0.1708906126987788;413
1000;(1, 2);1;0.6;1.0;1.6300034960313385;0.1708906126987788;413
1000;(1, 2);1;0.7;1.0;1.6300034960313385;0.1708906126987788;413
5000;(1, 2);1;0.6;10.0;1.6314793001112746;0.17341020381259506;417
5000;(1, 2);1;0.9;10.0;1.6314793001112746;0.17341020381259506;417
5000;(1, 2);1;0.7;10.0;1.6314793001112746;0.17341020381259506;417
5000;(1, 2);1;0.8;10.0;1.6314793001112746;0.17341020381259506;417
5000;(1, 1);1;0.7;1.0;1.651732379462575;0.1830951594480737;421
3000;(1, 1);1;0.9;1.0;1.651732379462575;0.1830951594480737;421
2000;(1, 1);1;0.8;1.0;1.651732379462575;0.1830951594480737;421
3000;(1, 1);1;0.6;1.0;1.651732379462575;0.1830951594480737;421
5000;(1, 1);1;0.6;1.0;1.651732379462575;0.1830951594480737;421
4000;(1, 1);1;0.7;1.0;1.651732379462575;0.1830951594480737;421
2000;(1, 1);1;0.9;1.0;1.651732379462575;0.1830951594480737;421
2000;(1, 1);1;0.6;1.0;1.651732379462575;0.1830951594480737;421
4000;(1, 1);1;0.6;1.0;1.651732379462575;0.1830951594480737;421
5000;(1, 1);1;0.8;1.0;1.651732379462575;0.1830951594480737;421
4000;(1, 1);1;0.9;1.0;1.651732379462575;0.1830951594480737;421
5000;(1, 1);1;0.9;1.0;1.651732379462575;0.1830951594480737;421
4000;(1, 1);1;0.8;1.0;1.651732379462575;0.1830951594480737;421
2000;(1, 1);1;0.7;1.0;1.651732379462575;0.1830951594480737;421
3000;(1, 1);1;0.8;1.0;1.651732379462575;0.1830951594480737;421
3000;(1, 1);1;0.7;1.0;1.651732379462575;0.1830951594480737;421
1000;(1, 1);1;0.9;1.0;1.659033956559004;0.18453196556158666;437
1000;(1, 1);1;0.6;1.0;1.659033956559004;0.18453196556158666;437
1000;(1, 1);1;0.8;1.0;1.659033956559004;0.18453196556158666;437
1000;(1, 1);1;0.7;1.0;1.659033956559004;0.18453196556158666;437
2000;(1, 1);2;0.9;1.0;1.6600254688769218;0.185044823326751;441
1000;(1, 1);2;0.8;1.0;1.6600254688769218;0.185044823326751;441
3000;(1, 1);2;0.6;1.0;1.6600254688769218;0.185044823326751;441
3000;(1, 1);2;0.9;1.0;1.6600254688769218;0.185044823326751;441
5000;(1, 1);2;0.9;1.0;1.6600254688769218;0.185044823326751;441
2000;(1, 1);2;0.6;1.0;1.6600254688769218;0.185044823326751;441
4000;(1, 1);2;0.9;1.0;1.6600254688769218;0.185044823326751;441
1000;(1, 1);2;0.6;1.0;1.6600254688769218;0.185044823326751;441
4000;(1, 1);2;0.6;1.0;1.6600254688769218;0.185044823326751;441
5000;(1, 1);2;0.7;1.0;1.6600254688769218;0.185044823326751;441
4000;(1, 1);2;0.7;1.0;1.6600254688769218;0.185044823326751;441
2000;(1, 1);2;0.8;1.0;1.6600254688769218;0.185044823326751;441
5000;(1, 1);2;0.8;1.0;1.6600254688769218;0.185044823326751;441
1000;(1, 1);2;0.7;1.0;1.6600254688769218;0.185044823326751;441
4000;(1, 1);2;0.8;1.0;1.6600254688769218;0.185044823326751;441
1000;(1, 1);2;0.9;1.0;1.6600254688769218;0.185044823326751;441
3000;(1, 1);2;0.7;1.0;1.6600254688769218;0.185044823326751;441
3000;(1, 1);2;0.8;1.0;1.6600254688769218;0.185044823326751;441
2000;(1, 1);2;0.7;1.0;1.6600254688769218;0.185044823326751;441
5000;(1, 1);2;0.6;1.0;1.6600254688769218;0.185044823326751;441
5000;(1, 3);1;0.8;0.1;1.660079635915278;0.17877433630393202;461
5000;(1, 3);1;0.7;0.1;1.660079635915278;0.17877433630393202;461
5000;(1, 3);1;0.9;0.1;1.660079635915278;0.17877433630393202;461
5000;(1, 3);1;0.6;0.1;1.660079635915278;0.17877433630393202;461
5000;(1, 1);3;0.9;1.0;1.6612044147582021;0.19600942160628465;465
3000;(1, 1);3;0.8;1.0;1.6612044147582021;0.19600942160628465;465
1000;(1, 1);3;0.7;1.0;1.6612044147582021;0.19600942160628465;465
1000;(1, 1);3;0.6;1.0;1.6612044147582021;0.19600942160628465;465
4000;(1, 1);3;0.6;1.0;1.6612044147582021;0.19600942160628465;465
4000;(1, 1);3;0.9;1.0;1.6612044147582021;0.19600942160628465;465
5000;(1, 1);3;0.7;1.0;1.6612044147582021;0.19600942160628465;465
4000;(1, 1);3;0.8;1.0;1.6612044147582021;0.19600942160628465;465
3000;(1, 1);3;0.9;1.0;1.6612044147582021;0.19600942160628465;465
5000;(1, 1);3;0.8;1.0;1.6612044147582021;0.19600942160628465;465
3000;(1, 1);3;0.7;1.0;1.6612044147582021;0.19600942160628465;465
2000;(1, 1);3;0.6;1.0;1.6612044147582021;0.19600942160628465;465
4000;(1, 1);3;0.7;1.0;1.6612044147582021;0.19600942160628465;465
1000;(1, 1);3;0.9;1.0;1.6612044147582021;0.19600942160628465;465
2000;(1, 1);3;0.9;1.0;1.6612044147582021;0.19600942160628465;465
1000;(1, 1);3;0.8;1.0;1.6612044147582021;0.19600942160628465;465
2000;(1, 1);3;0.7;1.0;1.6612044147582021;0.19600942160628465;465
5000;(1, 1);3;0.6;1.0;1.6612044147582021;0.19600942160628465;465
2000;(1, 1);3;0.8;1.0;1.6612044147582021;0.19600942160628465;465
3000;(1, 1);3;0.6;1.0;1.6612044147582021;0.19600942160628465;465
5000;(1, 4);1;0.7;0.1;1.6657844172782201;0.1804473980854724;485
5000;(1, 4);1;0.8;0.1;1.6657844172782201;0.1804473980854724;485
5000;(1, 4);1;0.9;0.1;1.6657844172782201;0.1804473980854724;485
5000;(1, 4);1;0.6;0.1;1.6657844172782201;0.1804473980854724;485
5000;(1, 3);2;0.9;0.1;1.6678994455325953;0.18505959222712975;489
5000;(1, 3);2;0.7;0.1;1.6678994455325953;0.18505959222712975;489
5000;(1, 3);2;0.6;0.1;1.6678994455325953;0.18505959222712975;489
5000;(1, 3);2;0.8;0.1;1.6678994455325953;0.18505959222712975;489
5000;(1, 2);1;0.6;0.1;1.6687081017924945;0.19512581821048722;493
5000;(1, 2);1;0.7;0.1;1.6687081017924945;0.19512581821048722;493
5000;(1, 2);1;0.8;0.1;1.6687081017924945;0.19512581821048722;493
5000;(1, 2);1;0.9;0.1;1.6687081017924945;0.19512581821048722;493
5000;(1, 4);2;0.8;0.1;1.6727001104248813;0.19144572105986468;497
5000;(1, 4);2;0.6;0.1;1.6727001104248813;0.19144572105986468;497
5000;(1, 4);2;0.9;0.1;1.6727001104248813;0.19144572105986468;497
5000;(1, 4);2;0.7;0.1;1.6727001104248813;0.19144572105986468;497
4000;(1, 3);1;0.8;0.1;1.6732514949492434;0.18818633055558723;501
4000;(1, 3);1;0.7;0.1;1.6732514949492434;0.18818633055558723;501
4000;(1, 3);1;0.9;0.1;1.6732514949492434;0.18818633055558723;501
4000;(1, 3);1;0.6;0.1;1.6732514949492434;0.18818633055558723;501
4000;(1, 4);2;0.8;0.1;1.6784537406976128;0.19989826054786505;505
4000;(1, 4);2;0.7;0.1;1.6784537406976128;0.19989826054786505;505
4000;(1, 4);2;0.9;0.1;1.6784537406976128;0.19989826054786505;505
4000;(1, 4);2;0.6;0.1;1.6784537406976128;0.19989826054786505;505
4000;(1, 4);1;0.7;0.1;1.6829323561162965;0.1859423874043361;509
4000;(1, 4);1;0.6;0.1;1.6829323561162965;0.1859423874043361;509
4000;(1, 4);1;0.9;0.1;1.6829323561162965;0.1859423874043361;509
4000;(1, 4);1;0.8;0.1;1.6829323561162965;0.1859423874043361;509
4000;(1, 3);2;0.6;0.1;1.6862092215705367;0.18901438411923643;513
4000;(1, 3);2;0.8;0.1;1.6862092215705367;0.18901438411923643;513
4000;(1, 3);2;0.7;0.1;1.6862092215705367;0.18901438411923643;513
4000;(1, 3);2;0.9;0.1;1.6862092215705367;0.18901438411923643;513
4000;(1, 4);3;0.7;0.1;1.68865648984911;0.19267827822924438;517
5000;(1, 4);3;0.9;0.1;1.68865648984911;0.19267827822924438;517
5000;(1, 4);3;0.7;0.1;1.68865648984911;0.19267827822924438;517
5000;(1, 4);3;0.6;0.1;1.68865648984911;0.19267827822924438;517
5000;(1, 4);3;0.8;0.1;1.68865648984911;0.19267827822924438;517
4000;(1, 4);3;0.6;0.1;1.68865648984911;0.19267827822924438;517
4000;(1, 4);3;0.8;0.1;1.68865648984911;0.19267827822924438;517
4000;(1, 4);3;0.9;0.1;1.68865648984911;0.19267827822924438;517
4000;(1, 2);1;0.9;0.1;1.6889191159972428;0.19287634839935425;525
4000;(1, 2);1;0.6;0.1;1.6889191159972428;0.19287634839935425;525
4000;(1, 2);1;0.8;0.1;1.6889191159972428;0.19287634839935425;525
4000;(1, 2);1;0.7;0.1;1.6889191159972428;0.19287634839935425;525
4000;(1, 2);2;0.8;0.1;1.6922144648007258;0.17878891807441294;529
5000;(1, 2);2;0.8;0.1;1.6922144648007258;0.17878891807441294;529
5000;(1, 2);2;0.7;0.1;1.6922144648007258;0.17878891807441294;529
4000;(1, 2);2;0.7;0.1;1.6922144648007258;0.17878891807441294;529
5000;(1, 2);2;0.6;0.1;1.6922144648007258;0.17878891807441294;529
4000;(1, 2);2;0.6;0.1;1.6922144648007258;0.17878891807441294;529
4000;(1, 2);2;0.9;0.1;1.6922144648007258;0.17878891807441294;529
5000;(1, 2);2;0.9;0.1;1.6922144648007258;0.17878891807441294;529
4000;(1, 3);3;0.7;0.1;1.6953954318978603;0.19073487387631538;537
5000;(1, 3);3;0.6;0.1;1.6953954318978603;0.19073487387631538;537
4000;(1, 3);3;0.6;0.1;1.6953954318978603;0.19073487387631538;537
4000;(1, 3);3;0.8;0.1;1.6953954318978603;0.19073487387631538;537
5000;(1, 3);3;0.8;0.1;1.6953954318978603;0.19073487387631538;537
4000;(1, 3);3;0.9;0.1;1.6953954318978603;0.19073487387631538;537
5000;(1, 3);3;0.7;0.1;1.6953954318978603;0.19073487387631538;537
5000;(1, 3);3;0.9;0.1;1.6953954318978603;0.19073487387631538;537
3000;(1, 3);3;0.8;0.1;1.6956064750907314;0.1910017679208724;545
3000;(1, 3);3;0.7;0.1;1.6956064750907314;0.1910017679208724;545
3000;(1, 3);3;0.6;0.1;1.6956064750907314;0.1910017679208724;545
3000;(1, 3);3;0.9;0.1;1.6956064750907314;0.1910017679208724;545
3000;(1, 3);2;0.9;0.1;1.6968034027689511;0.18982107940673162;549
3000;(1, 3);2;0.7;0.1;1.6968034027689511;0.18982107940673162;549
3000;(1, 3);2;0.6;0.1;1.6968034027689511;0.18982107940673162;549
3000;(1, 3);2;0.8;0.1;1.6968034027689511;0.18982107940673162;549
3000;(1, 2);1;0.6;0.1;1.7053880027857118;0.1985267158484173;553
3000;(1, 2);1;0.7;0.1;1.7053880027857118;0.1985267158484173;553
3000;(1, 2);1;0.8;0.1;1.7053880027857118;0.1985267158484173;553
3000;(1, 2);1;0.9;0.1;1.7053880027857118;0.1985267158484173;553
3000;(1, 4);1;0.7;0.1;1.7079982549749597;0.20026320241501225;557
3000;(1, 4);1;0.9;0.1;1.7079982549749597;0.20026320241501225;557
3000;(1, 4);1;0.8;0.1;1.7079982549749597;0.20026320241501225;557
3000;(1, 4);1;0.6;0.1;1.7079982549749597;0.20026320241501225;557
3000;(1, 3);1;0.6;0.1;1.7091333765441044;0.21480728531760124;561
3000;(1, 3);1;0.9;0.1;1.7091333765441044;0.21480728531760124;561
3000;(1, 3);1;0.8;0.1;1.7091333765441044;0.21480728531760124;561
3000;(1, 3);1;0.7;0.1;1.7091333765441044;0.21480728531760124;561
3000;(1, 2);2;0.7;0.1;1.7102826043876014;0.19507138979689337;565
3000;(1, 2);2;0.6;0.1;1.7102826043876014;0.19507138979689337;565
3000;(1, 2);2;0.9;0.1;1.7102826043876014;0.19507138979689337;565
3000;(1, 2);2;0.8;0.1;1.7102826043876014;0.19507138979689337;565
3000;(1, 4);3;0.9;0.1;1.7104867794849388;0.20430068021525513;569
3000;(1, 4);3;0.8;0.1;1.7104867794849388;0.20430068021525513;569
3000;(1, 4);3;0.6;0.1;1.7104867794849388;0.20430068021525513;569
3000;(1, 4);3;0.7;0.1;1.7104867794849388;0.20430068021525513;569
1000;(1, 3);2;0.8;100.0;1.7111363003450475;0.17941067417993534;573
1000;(1, 3);2;0.6;100.0;1.7111363003450475;0.17941067417993534;573
1000;(1, 3);2;0.7;100.0;1.7111363003450475;0.17941067417993534;573
1000;(1, 3);2;0.9;100.0;1.7111363003450475;0.17941067417993534;573
1000;(1, 4);1;0.8;100.0;1.7114070927438985;0.17932068892232536;577
1000;(1, 4);1;0.9;100.0;1.7114070927438985;0.17932068892232536;577
1000;(1, 4);1;0.7;100.0;1.7114070927438985;0.17932068892232536;577
1000;(1, 4);1;0.6;100.0;1.7114070927438985;0.17932068892232536;577
1000;(1, 4);3;0.7;100.0;1.7114085226905646;0.17937335772248225;581
1000;(1, 4);3;0.9;100.0;1.7114085226905646;0.17937335772248225;581
1000;(1, 4);3;0.6;100.0;1.7114085226905646;0.17937335772248225;581
1000;(1, 4);3;0.8;100.0;1.7114085226905646;0.17937335772248225;581
1000;(1, 3);1;0.6;100.0;1.7114498517077048;0.1792969754051306;585
1000;(1, 3);1;0.7;100.0;1.7114498517077048;0.1792969754051306;585
1000;(1, 3);1;0.9;100.0;1.7114498517077048;0.1792969754051306;585
1000;(1, 3);1;0.8;100.0;1.7114498517077048;0.1792969754051306;585
1000;(1, 4);2;0.6;100.0;1.7118084522306738;0.17895383385773772;589
1000;(1, 4);2;0.9;100.0;1.7118084522306738;0.17895383385773772;589
1000;(1, 4);2;0.7;100.0;1.7118084522306738;0.17895383385773772;589
1000;(1, 4);2;0.8;100.0;1.7118084522306738;0.17895383385773772;589
1000;(1, 3);3;0.8;100.0;1.7118803857625828;0.17912797201395744;593
1000;(1, 3);3;0.9;100.0;1.7118803857625828;0.17912797201395744;593
1000;(1, 3);3;0.6;100.0;1.7118803857625828;0.17912797201395744;593
1000;(1, 3);3;0.7;100.0;1.7118803857625828;0.17912797201395744;593
1000;(1, 2);2;0.6;100.0;1.7119179059456904;0.17974893803374753;597
1000;(1, 2);2;0.7;100.0;1.7119179059456904;0.17974893803374753;597
1000;(1, 2);2;0.8;100.0;1.7119179059456904;0.17974893803374753;597
1000;(1, 2);2;0.9;100.0;1.7119179059456904;0.17974893803374753;597
1000;(1, 2);3;0.9;100.0;1.7119564039964217;0.17963691858174333;601
1000;(1, 2);3;0.8;100.0;1.7119564039964217;0.17963691858174333;601
1000;(1, 2);3;0.6;100.0;1.7119564039964217;0.17963691858174333;601
1000;(1, 2);3;0.7;100.0;1.7119564039964217;0.17963691858174333;601
1000;(1, 2);1;0.9;100.0;1.7121216815941314;0.1790895319057521;605
1000;(1, 2);1;0.6;100.0;1.7121216815941314;0.1790895319057521;605
1000;(1, 2);1;0.8;100.0;1.7121216815941314;0.1790895319057521;605
1000;(1, 2);1;0.7;100.0;1.7121216815941314;0.1790895319057521;605
2000;(1, 1);3;0.7;100.0;1.71312816764115;0.18139868204607665;609
2000;(1, 1);3;0.6;100.0;1.71312816764115;0.18139868204607665;609
5000;(1, 1);3;0.7;100.0;1.71312816764115;0.18139868204607665;609
3000;(1, 1);3;0.6;100.0;1.71312816764115;0.18139868204607665;609
5000;(1, 1);3;0.6;100.0;1.71312816764115;0.18139868204607665;609
4000;(1, 1);3;0.9;100.0;1.71312816764115;0.18139868204607665;609
5000;(1, 1);3;0.8;100.0;1.71312816764115;0.18139868204607665;609
1000;(1, 1);3;0.7;100.0;1.71312816764115;0.18139868204607665;609
1000;(1, 1);3;0.8;100.0;1.71312816764115;0.18139868204607665;609
1000;(1, 1);3;0.9;100.0;1.71312816764115;0.18139868204607665;609
3000;(1, 1);3;0.8;100.0;1.71312816764115;0.18139868204607665;609
4000;(1, 1);3;0.8;100.0;1.71312816764115;0.18139868204607665;609
2000;(1, 1);3;0.9;100.0;1.71312816764115;0.18139868204607665;609
2000;(1, 1);3;0.8;100.0;1.71312816764115;0.18139868204607665;609
3000;(1, 1);3;0.9;100.0;1.71312816764115;0.18139868204607665;609
5000;(1, 1);3;0.9;100.0;1.71312816764115;0.18139868204607665;609
1000;(1, 1);3;0.6;100.0;1.71312816764115;0.18139868204607665;609
3000;(1, 1);3;0.7;100.0;1.71312816764115;0.18139868204607665;609
4000;(1, 1);3;0.6;100.0;1.71312816764115;0.18139868204607665;609
4000;(1, 1);3;0.7;100.0;1.71312816764115;0.18139868204607665;609
2000;(1, 4);1;0.6;100.0;1.7140279193594306;0.1796161998826323;629
2000;(1, 4);1;0.7;100.0;1.7140279193594306;0.1796161998826323;629
2000;(1, 4);1;0.9;100.0;1.7140279193594306;0.1796161998826323;629
2000;(1, 4);1;0.8;100.0;1.7140279193594306;0.1796161998826323;629
2000;(1, 4);3;0.6;100.0;1.7144144208401926;0.17963165126467934;633
2000;(1, 4);3;0.7;100.0;1.7144144208401926;0.17963165126467934;633
2000;(1, 4);3;0.8;100.0;1.7144144208401926;0.17963165126467934;633
2000;(1, 4);3;0.9;100.0;1.7144144208401926;0.17963165126467934;633
2000;(1, 1);2;0.8;100.0;1.7144926933653533;0.1812448071975542;637
4000;(1, 1);2;0.6;100.0;1.7144926933653533;0.1812448071975542;637
4000;(1, 1);2;0.9;100.0;1.7144926933653533;0.1812448071975542;637
3000;(1, 1);2;0.8;100.0;1.7144926933653533;0.1812448071975542;637
4000;(1, 1);2;0.8;100.0;1.7144926933653533;0.1812448071975542;637
1000;(1, 1);2;0.7;100.0;1.7144926933653533;0.1812448071975542;637
5000;(1, 1);2;0.6;100.0;1.7144926933653533;0.1812448071975542;637
1000;(1, 1);2;0.6;100.0;1.7144926933653533;0.1812448071975542;637
5000;(1, 1);2;0.8;100.0;1.7144926933653533;0.1812448071975542;637
1000;(1, 1);2;0.9;100.0;1.7144926933653533;0.1812448071975542;637
3000;(1, 1);2;0.9;100.0;1.7144926933653533;0.1812448071975542;637
2000;(1, 1);2;0.9;100.0;1.7144926933653533;0.1812448071975542;637
3000;(1, 1);2;0.6;100.0;1.7144926933653533;0.1812448071975542;637
2000;(1, 1);2;0.6;100.0;1.7144926933653533;0.1812448071975542;637
1000;(1, 1);2;0.8;100.0;1.7144926933653533;0.1812448071975542;637
5000;(1, 1);2;0.7;100.0;1.7144926933653533;0.1812448071975542;637
4000;(1, 1);2;0.7;100.0;1.7144926933653533;0.1812448071975542;637
3000;(1, 1);2;0.7;100.0;1.7144926933653533;0.1812448071975542;637
2000;(1, 1);2;0.7;100.0;1.7144926933653533;0.1812448071975542;637
5000;(1, 1);2;0.9;100.0;1.7144926933653533;0.1812448071975542;637
2000;(1, 3);3;0.6;100.0;1.7145155019873741;0.17903253891654708;657
2000;(1, 3);3;0.9;100.0;1.7145155019873741;0.17903253891654708;657
2000;(1, 3);3;0.7;100.0;1.7145155019873741;0.17903253891654708;657
2000;(1, 3);3;0.8;100.0;1.7145155019873741;0.17903253891654708;657
1000;(1, 1);1;0.9;100.0;1.7146594269261992;0.18093546868902882;661
1000;(1, 1);1;0.6;100.0;1.7146594269261992;0.18093546868902882;661
1000;(1, 1);1;0.7;100.0;1.7146594269261992;0.18093546868902882;661
1000;(1, 1);1;0.8;100.0;1.7146594269261992;0.18093546868902882;661
2000;(1, 3);1;0.6;100.0;1.7148496360018524;0.17915073213485472;665
2000;(1, 3);1;0.7;100.0;1.7148496360018524;0.17915073213485472;665
2000;(1, 3);1;0.8;100.0;1.7148496360018524;0.17915073213485472;665
2000;(1, 3);1;0.9;100.0;1.7148496360018524;0.17915073213485472;665
2000;(1, 4);2;0.9;100.0;1.7150117956571058;0.17962947141991864;669
2000;(1, 4);2;0.8;100.0;1.7150117956571058;0.17962947141991864;669
2000;(1, 4);2;0.7;100.0;1.7150117956571058;0.17962947141991864;669
2000;(1, 4);2;0.6;100.0;1.7150117956571058;0.17962947141991864;669
2000;(1, 2);3;0.9;100.0;1.7152301152928804;0.17916944825642456;673
2000;(1, 2);3;0.7;100.0;1.7152301152928804;0.17916944825642456;673
2000;(1, 2);3;0.8;100.0;1.7152301152928804;0.17916944825642456;673
2000;(1, 2);3;0.6;100.0;1.7152301152928804;0.17916944825642456;673
2000;(1, 3);2;0.9;100.0;1.7152846532072341;0.17914475115970196;677
2000;(1, 3);2;0.7;100.0;1.7152846532072341;0.17914475115970196;677
2000;(1, 3);2;0.6;100.0;1.7152846532072341;0.17914475115970196;677
2000;(1, 3);2;0.8;100.0;1.7152846532072341;0.17914475115970196;677
2000;(1, 1);1;0.6;100.0;1.7155253239413244;0.18078311801365304;681
2000;(1, 1);1;0.9;100.0;1.7155253239413244;0.18078311801365304;681
4000;(1, 1);1;0.9;100.0;1.7155253239413244;0.18078311801365304;681
3000;(1, 1);1;0.9;100.0;1.7155253239413244;0.18078311801365304;681
5000;(1, 1);1;0.9;100.0;1.7155253239413244;0.18078311801365304;681
5000;(1, 1);1;0.7;100.0;1.7155253239413244;0.18078311801365304;681
2000;(1, 1);1;0.7;100.0;1.7155253239413244;0.18078311801365304;681
5000;(1, 1);1;0.8;100.0;1.7155253239413244;0.18078311801365304;681
3000;(1, 1);1;0.6;100.0;1.7155253239413244;0.18078311801365304;681
5000;(1, 1);1;0.6;100.0;1.7155253239413244;0.18078311801365304;681
4000;(1, 1);1;0.8;100.0;1.7155253239413244;0.18078311801365304;681
3000;(1, 1);1;0.7;100.0;1.7155253239413244;0.18078311801365304;681
4000;(1, 1);1;0.6;100.0;1.7155253239413244;0.18078311801365304;681
2000;(1, 1);1;0.8;100.0;1.7155253239413244;0.18078311801365304;681
4000;(1, 1);1;0.7;100.0;1.7155253239413244;0.18078311801365304;681
3000;(1, 1);1;0.8;100.0;1.7155253239413244;0.18078311801365304;681
2000;(1, 2);1;0.6;100.0;1.7159939495710006;0.1786980048904171;697
2000;(1, 2);1;0.9;100.0;1.7159939495710006;0.1786980048904171;697
2000;(1, 2);1;0.7;100.0;1.7159939495710006;0.1786980048904171;697
2000;(1, 2);1;0.8;100.0;1.7159939495710006;0.1786980048904171;697
2000;(1, 2);2;0.7;100.0;1.7160517657245702;0.1787446476334203;701
2000;(1, 2);2;0.8;100.0;1.7160517657245702;0.1787446476334203;701
2000;(1, 2);2;0.6;100.0;1.7160517657245702;0.1787446476334203;701
2000;(1, 2);2;0.9;100.0;1.7160517657245702;0.1787446476334203;701
3000;(1, 4);3;0.9;100.0;1.7162259497287824;0.17916618384561783;705
3000;(1, 4);3;0.7;100.0;1.7162259497287824;0.17916618384561783;705
3000;(1, 4);3;0.8;100.0;1.7162259497287824;0.17916618384561783;705
3000;(1, 4);3;0.6;100.0;1.7162259497287824;0.17916618384561783;705
5000;(1, 2);3;0.8;100.0;1.7162680008710427;0.17913176844498463;709
3000;(1, 2);3;0.7;100.0;1.7162680008710427;0.17913176844498463;709
3000;(1, 2);3;0.6;100.0;1.7162680008710427;0.17913176844498463;709
4000;(1, 2);3;0.7;100.0;1.7162680008710427;0.17913176844498463;709
3000;(1, 2);3;0.9;100.0;1.7162680008710427;0.17913176844498463;709
5000;(1, 2);3;0.7;100.0;1.7162680008710427;0.17913176844498463;709
5000;(1, 2);3;0.6;100.0;1.7162680008710427;0.17913176844498463;709
3000;(1, 2);3;0.8;100.0;1.7162680008710427;0.17913176844498463;709
4000;(1, 2);3;0.8;100.0;1.7162680008710427;0.17913176844498463;709
5000;(1, 2);3;0.9;100.0;1.7162680008710427;0.17913176844498463;709
4000;(1, 2);3;0.6;100.0;1.7162680008710427;0.17913176844498463;709
4000;(1, 2);3;0.9;100.0;1.7162680008710427;0.17913176844498463;709
3000;(1, 4);1;0.6;100.0;1.716652138031526;0.17924624451233695;721
3000;(1, 4);1;0.8;100.0;1.716652138031526;0.17924624451233695;721
3000;(1, 4);1;0.9;100.0;1.716652138031526;0.17924624451233695;721
3000;(1, 4);1;0.7;100.0;1.716652138031526;0.17924624451233695;721
3000;(1, 3);3;0.9;100.0;1.7168772828190864;0.17926074109800463;725
3000;(1, 3);3;0.7;100.0;1.7168772828190864;0.17926074109800463;725
3000;(1, 3);3;0.6;100.0;1.7168772828190864;0.17926074109800463;725
3000;(1, 3);3;0.8;100.0;1.7168772828190864;0.17926074109800463;725
4000;(1, 3);3;0.9;100.0;1.716905460379179;0.1792721585641153;729
5000;(1, 3);3;0.6;100.0;1.716905460379179;0.1792721585641153;729
5000;(1, 3);3;0.8;100.0;1.716905460379179;0.1792721585641153;729
5000;(1, 3);3;0.7;100.0;1.716905460379179;0.1792721585641153;729
4000;(1, 3);3;0.8;100.0;1.716905460379179;0.1792721585641153;729
4000;(1, 3);3;0.6;100.0;1.716905460379179;0.1792721585641153;729
4000;(1, 3);3;0.7;100.0;1.716905460379179;0.1792721585641153;729
5000;(1, 3);3;0.9;100.0;1.716905460379179;0.1792721585641153;729
3000;(1, 3);2;0.8;100.0;1.716938917327423;0.17902593206326634;737
3000;(1, 3);2;0.9;100.0;1.716938917327423;0.17902593206326634;737
3000;(1, 3);2;0.7;100.0;1.716938917327423;0.17902593206326634;737
3000;(1, 3);2;0.6;100.0;1.716938917327423;0.17902593206326634;737
3000;(1, 4);2;0.9;100.0;1.7169901237650762;0.1794845305217793;741
3000;(1, 4);2;0.7;100.0;1.7169901237650762;0.1794845305217793;741
3000;(1, 4);2;0.8;100.0;1.7169901237650762;0.1794845305217793;741
3000;(1, 4);2;0.6;100.0;1.7169901237650762;0.1794845305217793;741
4000;(1, 4);3;0.7;100.0;1.7170819168252816;0.17943880088536546;745
4000;(1, 4);3;0.9;100.0;1.7170819168252816;0.17943880088536546;745
5000;(1, 4);3;0.6;100.0;1.7170819168252816;0.17943880088536546;745
5000;(1, 4);3;0.7;100.0;1.7170819168252816;0.17943880088536546;745
4000;(1, 4);3;0.8;100.0;1.7170819168252816;0.17943880088536546;745
5000;(1, 4);3;0.8;100.0;1.7170819168252816;0.17943880088536546;745
4000;(1, 4);3;0.6;100.0;1.7170819168252816;0.17943880088536546;745
5000;(1, 4);3;0.9;100.0;1.7170819168252816;0.17943880088536546;745
3000;(1, 3);1;0.7;100.0;1.7172636424922836;0.17917182951688942;753
3000;(1, 3);1;0.6;100.0;1.7172636424922836;0.17917182951688942;753
3000;(1, 3);1;0.8;100.0;1.7172636424922836;0.17917182951688942;753
3000;(1, 3);1;0.9;100.0;1.7172636424922836;0.17917182951688942;753
4000;(1, 4);1;0.7;100.0;1.7180165528288114;0.17923902739641998;757
4000;(1, 4);1;0.9;100.0;1.7180165528288114;0.17923902739641998;757
4000;(1, 4);1;0.8;100.0;1.7180165528288114;0.17923902739641998;757
4000;(1, 4);1;0.6;100.0;1.7180165528288114;0.17923902739641998;757
4000;(1, 3);2;0.7;100.0;1.718028989393492;0.179274449659542;761
4000;(1, 3);2;0.9;100.0;1.718028989393492;0.179274449659542;761
4000;(1, 3);2;0.6;100.0;1.718028989393492;0.179274449659542;761
4000;(1, 3);2;0.8;100.0;1.718028989393492;0.179274449659542;761
4000;(1, 4);2;0.8;100.0;1.7182188481871705;0.17927254593834077;765
4000;(1, 4);2;0.6;100.0;1.7182188481871705;0.17927254593834077;765
4000;(1, 4);2;0.9;100.0;1.7182188481871705;0.17927254593834077;765
4000;(1, 4);2;0.7;100.0;1.7182188481871705;0.17927254593834077;765
3000;(1, 2);2;0.6;100.0;1.718238440931025;0.17908289503564606;769
3000;(1, 2);2;0.7;100.0;1.718238440931025;0.17908289503564606;769
3000;(1, 2);2;0.9;100.0;1.718238440931025;0.17908289503564606;769
3000;(1, 2);2;0.8;100.0;1.718238440931025;0.17908289503564606;769
3000;(1, 2);1;0.7;100.0;1.7182724321270448;0.1788480269201254;773
3000;(1, 2);1;0.6;100.0;1.7182724321270448;0.1788480269201254;773
3000;(1, 2);1;0.9;100.0;1.7182724321270448;0.1788480269201254;773
3000;(1, 2);1;0.8;100.0;1.7182724321270448;0.1788480269201254;773
4000;(1, 3);1;0.6;100.0;1.7186305001833186;0.17927469314161426;777
4000;(1, 3);1;0.7;100.0;1.7186305001833186;0.17927469314161426;777
4000;(1, 3);1;0.9;100.0;1.7186305001833186;0.17927469314161426;777
4000;(1, 3);1;0.8;100.0;1.7186305001833186;0.17927469314161426;777
5000;(1, 4);2;0.7;100.0;1.7188926542168566;0.17937373002576232;781
5000;(1, 4);2;0.8;100.0;1.7188926542168566;0.17937373002576232;781
5000;(1, 4);2;0.6;100.0;1.7188926542168566;0.17937373002576232;781
5000;(1, 4);2;0.9;100.0;1.7188926542168566;0.17937373002576232;781
5000;(1, 4);1;0.7;100.0;1.7189490111816077;0.17944284251360126;785
5000;(1, 4);1;0.6;100.0;1.7189490111816077;0.17944284251360126;785
5000;(1, 4);1;0.8;100.0;1.7189490111816077;0.17944284251360126;785
5000;(1, 4);1;0.9;100.0;1.7189490111816077;0.17944284251360126;785
4000;(1, 2);2;0.9;100.0;1.7190029513752865;0.17920931645064075;789
4000;(1, 2);2;0.8;100.0;1.7190029513752865;0.17920931645064075;789
5000;(1, 2);2;0.9;100.0;1.7190029513752865;0.17920931645064075;789
5000;(1, 2);2;0.6;100.0;1.7190029513752865;0.17920931645064075;789
5000;(1, 2);2;0.7;100.0;1.7190029513752865;0.17920931645064075;789
4000;(1, 2);2;0.6;100.0;1.7190029513752865;0.17920931645064075;789
5000;(1, 2);2;0.8;100.0;1.7190029513752865;0.17920931645064075;789
4000;(1, 2);2;0.7;100.0;1.7190029513752865;0.17920931645064075;789
4000;(1, 2);1;0.6;100.0;1.7195156070252033;0.17877889279473838;797
4000;(1, 2);1;0.9;100.0;1.7195156070252033;0.17877889279473838;797
4000;(1, 2);1;0.7;100.0;1.7195156070252033;0.17877889279473838;797
4000;(1, 2);1;0.8;100.0;1.7195156070252033;0.17877889279473838;797
5000;(1, 3);2;0.8;100.0;1.7197006689668928;0.17923324145480332;801
5000;(1, 3);2;0.6;100.0;1.7197006689668928;0.17923324145480332;801
5000;(1, 3);2;0.7;100.0;1.7197006689668928;0.17923324145480332;801
5000;(1, 3);2;0.9;100.0;1.7197006689668928;0.17923324145480332;801
5000;(1, 3);1;0.8;100.0;1.7197477078814543;0.17909568604096732;805
5000;(1, 3);1;0.7;100.0;1.7197477078814543;0.17909568604096732;805
5000;(1, 3);1;0.9;100.0;1.7197477078814543;0.17909568604096732;805
5000;(1, 3);1;0.6;100.0;1.7197477078814543;0.17909568604096732;805
5000;(1, 2);1;0.8;100.0;1.7201278537120703;0.1785786892515187;809
5000;(1, 2);1;0.6;100.0;1.7201278537120703;0.1785786892515187;809
5000;(1, 2);1;0.7;100.0;1.7201278537120703;0.1785786892515187;809
5000;(1, 2);1;0.9;100.0;1.7201278537120703;0.1785786892515187;809
3000;(1, 4);2;0.9;0.1;1.7218488646983996;0.21675259942101763;813
3000;(1, 4);2;0.6;0.1;1.7218488646983996;0.21675259942101763;813
3000;(1, 4);2;0.7;0.1;1.7218488646983996;0.21675259942101763;813
3000;(1, 4);2;0.8;0.1;1.7218488646983996;0.21675259942101763;813
4000;(1, 2);3;0.6;0.1;1.7237395220910383;0.19940140454352762;817
4000;(1, 2);3;0.7;0.1;1.7237395220910383;0.19940140454352762;817
3000;(1, 2);3;0.6;0.1;1.7237395220910383;0.19940140454352762;817
5000;(1, 2);3;0.7;0.1;1.7237395220910383;0.19940140454352762;817
5000;(1, 2);3;0.6;0.1;1.7237395220910383;0.19940140454352762;817
4000;(1, 2);3;0.8;0.1;1.7237395220910383;0.19940140454352762;817
3000;(1, 2);3;0.8;0.1;1.7237395220910383;0.19940140454352762;817
5000;(1, 2);3;0.8;0.1;1.7237395220910383;0.19940140454352762;817
5000;(1, 2);3;0.9;0.1;1.7237395220910383;0.19940140454352762;817
3000;(1, 2);3;0.9;0.1;1.7237395220910383;0.19940140454352762;817
4000;(1, 2);3;0.9;0.1;1.7237395220910383;0.19940140454352762;817
3000;(1, 2);3;0.7;0.1;1.7237395220910383;0.19940140454352762;817
2000;(1, 2);3;0.8;0.1;1.735748844816103;0.21936446859323283;829
2000;(1, 2);3;0.9;0.1;1.735748844816103;0.21936446859323283;829
2000;(1, 2);3;0.7;0.1;1.735748844816103;0.21936446859323283;829
2000;(1, 2);3;0.6;0.1;1.735748844816103;0.21936446859323283;829
2000;(1, 2);2;0.7;0.1;1.7395246733818879;0.19690182589061905;833
2000;(1, 2);2;0.6;0.1;1.7395246733818879;0.19690182589061905;833
2000;(1, 2);2;0.8;0.1;1.7395246733818879;0.19690182589061905;833
2000;(1, 2);2;0.9;0.1;1.7395246733818879;0.19690182589061905;833
2000;(1, 2);1;0.8;0.1;1.7465606340453472;0.20608003172861622;837
2000;(1, 2);1;0.9;0.1;1.7465606340453472;0.20608003172861622;837
2000;(1, 2);1;0.6;0.1;1.7465606340453472;0.20608003172861622;837
2000;(1, 2);1;0.7;0.1;1.7465606340453472;0.20608003172861622;837
5000;(1, 2);1;0.7;0.01;1.7494264033641236;0.23498733287831347;841
5000;(1, 2);1;0.6;0.01;1.7494264033641236;0.23498733287831347;841
5000;(1, 2);1;0.9;0.01;1.7494264033641236;0.23498733287831347;841
5000;(1, 2);1;0.8;0.01;1.7494264033641236;0.23498733287831347;841
5000;(1, 3);1;0.9;0.01;1.7494818980081956;0.18062432098098988;845
5000;(1, 3);1;0.6;0.01;1.7494818980081956;0.18062432098098988;845
5000;(1, 3);1;0.8;0.01;1.7494818980081956;0.18062432098098988;845
5000;(1, 3);1;0.7;0.01;1.7494818980081956;0.18062432098098988;845
2000;(1, 3);1;0.8;0.1;1.7564305967859082;0.23817828470647254;849
2000;(1, 3);1;0.9;0.1;1.7564305967859082;0.23817828470647254;849
2000;(1, 3);1;0.7;0.1;1.7564305967859082;0.23817828470647254;849
2000;(1, 3);1;0.6;0.1;1.7564305967859082;0.23817828470647254;849
5000;(1, 3);2;0.6;0.01;1.7654969522498232;0.20114260253638858;853
5000;(1, 3);2;0.9;0.01;1.7654969522498232;0.20114260253638858;853
5000;(1, 3);2;0.8;0.01;1.7654969522498232;0.20114260253638858;853
5000;(1, 3);2;0.7;0.01;1.7654969522498232;0.20114260253638858;853
2000;(1, 3);3;0.6;0.1;1.7688443291701692;0.21342482904260227;857
2000;(1, 3);3;0.8;0.1;1.7688443291701692;0.21342482904260227;857
2000;(1, 3);3;0.9;0.1;1.7688443291701692;0.21342482904260227;857
2000;(1, 3);3;0.7;0.1;1.7688443291701692;0.21342482904260227;857
2000;(1, 3);2;0.9;0.1;1.7700246655474832;0.2480495184478997;861
2000;(1, 3);2;0.6;0.1;1.7700246655474832;0.2480495184478997;861
2000;(1, 3);2;0.8;0.1;1.7700246655474832;0.2480495184478997;861
2000;(1, 3);2;0.7;0.1;1.7700246655474832;0.2480495184478997;861
2000;(1, 4);3;0.9;0.1;1.7702996392547263;0.23640728474903633;865
2000;(1, 4);3;0.8;0.1;1.7702996392547263;0.23640728474903633;865
2000;(1, 4);3;0.6;0.1;1.7702996392547263;0.23640728474903633;865
2000;(1, 4);3;0.7;0.1;1.7702996392547263;0.23640728474903633;865
5000;(1, 4);1;0.6;0.01;1.771099234526344;0.18397043721598302;869
5000;(1, 4);1;0.9;0.01;1.771099234526344;0.18397043721598302;869
5000;(1, 4);1;0.7;0.01;1.771099234526344;0.18397043721598302;869
5000;(1, 4);1;0.8;0.01;1.771099234526344;0.18397043721598302;869
4000;(1, 3);1;0.9;0.01;1.7739244294081424;0.2098173679349113;873
4000;(1, 3);1;0.7;0.01;1.7739244294081424;0.2098173679349113;873
4000;(1, 3);1;0.8;0.01;1.7739244294081424;0.2098173679349113;873
4000;(1, 3);1;0.6;0.01;1.7739244294081424;0.2098173679349113;873
2000;(1, 4);2;0.7;0.1;1.7782037202552836;0.24132548125404066;877
2000;(1, 4);2;0.9;0.1;1.7782037202552836;0.24132548125404066;877
2000;(1, 4);2;0.8;0.1;1.7782037202552836;0.24132548125404066;877
2000;(1, 4);2;0.6;0.1;1.7782037202552836;0.24132548125404066;877
2000;(1, 4);1;0.9;0.1;1.7794086932865505;0.247669895956725;881
2000;(1, 4);1;0.6;0.1;1.7794086932865505;0.247669895956725;881
2000;(1, 4);1;0.8;0.1;1.7794086932865505;0.247669895956725;881
2000;(1, 4);1;0.7;0.1;1.7794086932865505;0.247669895956725;881
4000;(1, 2);1;0.6;0.01;1.7812190965857908;0.21476968679193884;885
4000;(1, 2);1;0.7;0.01;1.7812190965857908;0.21476968679193884;885
4000;(1, 2);1;0.8;0.01;1.7812190965857908;0.21476968679193884;885
4000;(1, 2);1;0.9;0.01;1.7812190965857908;0.21476968679193884;885
5000;(1, 4);2;0.6;0.01;1.8007101576964448;0.2149746421400304;889
5000;(1, 4);2;0.8;0.01;1.8007101576964448;0.2149746421400304;889
5000;(1, 4);2;0.9;0.01;1.8007101576964448;0.2149746421400304;889
5000;(1, 4);2;0.7;0.01;1.8007101576964448;0.2149746421400304;889
5000;(1, 2);2;0.8;0.01;1.8230094694606904;0.18437679153946676;893
5000;(1, 2);2;0.6;0.01;1.8230094694606904;0.18437679153946676;893
4000;(1, 2);2;0.8;0.01;1.8230094694606904;0.18437679153946676;893
4000;(1, 2);2;0.7;0.01;1.8230094694606904;0.18437679153946676;893
5000;(1, 2);2;0.7;0.01;1.8230094694606904;0.18437679153946676;893
5000;(1, 2);2;0.9;0.01;1.8230094694606904;0.18437679153946676;893
4000;(1, 2);2;0.6;0.01;1.8230094694606904;0.18437679153946676;893
4000;(1, 2);2;0.9;0.01;1.8230094694606904;0.18437679153946676;893
4000;(1, 4);2;0.6;0.01;1.8339888600357128;0.22217144610592324;901
4000;(1, 4);2;0.9;0.01;1.8339888600357128;0.22217144610592324;901
4000;(1, 4);2;0.7;0.01;1.8339888600357128;0.22217144610592324;901
4000;(1, 4);2;0.8;0.01;1.8339888600357128;0.22217144610592324;901
4000;(1, 3);2;0.7;0.01;1.8342144030027172;0.20785454783792015;905
4000;(1, 3);2;0.6;0.01;1.8342144030027172;0.20785454783792015;905
4000;(1, 3);2;0.8;0.01;1.8342144030027172;0.20785454783792015;905
4000;(1, 3);2;0.9;0.01;1.8342144030027172;0.20785454783792015;905
4000;(1, 4);1;0.7;0.01;1.8414516505216025;0.18123147208514143;909
4000;(1, 4);1;0.9;0.01;1.8414516505216025;0.18123147208514143;909
4000;(1, 4);1;0.6;0.01;1.8414516505216025;0.18123147208514143;909
4000;(1, 4);1;0.8;0.01;1.8414516505216025;0.18123147208514143;909
3000;(1, 2);1;0.6;0.01;1.8437867842904307;0.2108901186964389;913
3000;(1, 2);1;0.7;0.01;1.8437867842904307;0.2108901186964389;913
3000;(1, 2);1;0.9;0.01;1.8437867842904307;0.2108901186964389;913
3000;(1, 2);1;0.8;0.01;1.8437867842904307;0.2108901186964389;913
1000;(1, 2);2;0.6;0.1;1.8519491319307242;0.26667634098609105;917
1000;(1, 2);2;0.7;0.1;1.8519491319307242;0.26667634098609105;917
1000;(1, 2);2;0.9;0.1;1.8519491319307242;0.26667634098609105;917
1000;(1, 2);2;0.8;0.1;1.8519491319307242;0.26667634098609105;917
3000;(1, 2);2;0.7;0.01;1.8529397133424612;0.20499032034183043;921
3000;(1, 2);2;0.9;0.01;1.8529397133424612;0.20499032034183043;921
3000;(1, 2);2;0.6;0.01;1.8529397133424612;0.20499032034183043;921
3000;(1, 2);2;0.8;0.01;1.8529397133424612;0.20499032034183043;921
1000;(1, 4);3;0.7;0.1;1.8633807465286214;0.20443250397506296;925
1000;(1, 4);3;0.9;0.1;1.8633807465286214;0.20443250397506296;925
1000;(1, 4);3;0.8;0.1;1.8633807465286214;0.20443250397506296;925
1000;(1, 4);3;0.6;0.1;1.8633807465286214;0.20443250397506296;925
1000;(1, 3);2;0.6;0.1;1.8660509776845284;0.19727214673702698;929
1000;(1, 3);2;0.8;0.1;1.8660509776845284;0.19727214673702698;929
1000;(1, 3);2;0.7;0.1;1.8660509776845284;0.19727214673702698;929
1000;(1, 3);2;0.9;0.1;1.8660509776845284;0.19727214673702698;929
4000;(1, 4);3;0.7;0.01;1.8723633982828194;0.18353668145086635;933
4000;(1, 4);3;0.8;0.01;1.8723633982828194;0.18353668145086635;933
5000;(1, 4);3;0.8;0.01;1.8723633982828194;0.18353668145086635;933
4000;(1, 4);3;0.6;0.01;1.8723633982828194;0.18353668145086635;933
5000;(1, 4);3;0.7;0.01;1.8723633982828194;0.18353668145086635;933
4000;(1, 4);3;0.9;0.01;1.8723633982828194;0.18353668145086635;933
5000;(1, 4);3;0.9;0.01;1.8723633982828194;0.18353668145086635;933
5000;(1, 4);3;0.6;0.01;1.8723633982828194;0.18353668145086635;933
3000;(1, 3);2;0.9;0.01;1.875084346026496;0.1845914724087973;941
3000;(1, 3);2;0.6;0.01;1.875084346026496;0.1845914724087973;941
3000;(1, 3);2;0.8;0.01;1.875084346026496;0.1845914724087973;941
3000;(1, 3);2;0.7;0.01;1.875084346026496;0.1845914724087973;941
1000;(1, 4);1;0.8;0.1;1.8757168652550174;0.21074119987455506;945
1000;(1, 4);1;0.9;0.1;1.8757168652550174;0.21074119987455506;945
1000;(1, 4);1;0.7;0.1;1.8757168652550174;0.21074119987455506;945
1000;(1, 4);1;0.6;0.1;1.8757168652550174;0.21074119987455506;945
1000;(1, 3);1;0.8;0.1;1.875879183542446;0.21527373195745955;949
1000;(1, 3);1;0.7;0.1;1.875879183542446;0.21527373195745955;949
1000;(1, 3);1;0.6;0.1;1.875879183542446;0.21527373195745955;949
1000;(1, 3);1;0.9;0.1;1.875879183542446;0.21527373195745955;949
3000;(1, 3);3;0.8;0.01;1.8816996296086224;0.1798415841548027;953
3000;(1, 3);3;0.7;0.01;1.8816996296086224;0.1798415841548027;953
3000;(1, 3);3;0.9;0.01;1.8816996296086224;0.1798415841548027;953
3000;(1, 3);3;0.6;0.01;1.8816996296086224;0.1798415841548027;953
5000;(1, 3);3;0.6;0.01;1.882127112072563;0.18008178153549131;957
4000;(1, 3);3;0.7;0.01;1.882127112072563;0.18008178153549131;957
4000;(1, 3);3;0.6;0.01;1.882127112072563;0.18008178153549131;957
5000;(1, 3);3;0.9;0.01;1.882127112072563;0.18008178153549131;957
4000;(1, 3);3;0.8;0.01;1.882127112072563;0.18008178153549131;957
5000;(1, 3);3;0.7;0.01;1.882127112072563;0.18008178153549131;957
4000;(1, 3);3;0.9;0.01;1.882127112072563;0.18008178153549131;957
5000;(1, 3);3;0.8;0.01;1.882127112072563;0.18008178153549131;957
1000;(1, 4);2;0.6;0.1;1.8918108244716685;0.18903303998753615;965
1000;(1, 4);2;0.9;0.1;1.8918108244716685;0.18903303998753615;965
1000;(1, 4);2;0.8;0.1;1.8918108244716685;0.18903303998753615;965
1000;(1, 4);2;0.7;0.1;1.8918108244716685;0.18903303998753615;965
1000;(1, 3);3;0.9;0.1;1.895099203624887;0.19151638771347268;969
1000;(1, 3);3;0.6;0.1;1.895099203624887;0.19151638771347268;969
1000;(1, 3);3;0.8;0.1;1.895099203624887;0.19151638771347268;969
1000;(1, 3);3;0.7;0.1;1.895099203624887;0.19151638771347268;969
1000;(1, 2);3;0.9;0.1;1.8986821048196336;0.2357333746878579;973
1000;(1, 2);3;0.7;0.1;1.8986821048196336;0.2357333746878579;973
1000;(1, 2);3;0.6;0.1;1.8986821048196336;0.2357333746878579;973
1000;(1, 2);3;0.8;0.1;1.8986821048196336;0.2357333746878579;973
1000;(1, 2);1;0.6;0.1;1.9009795476515254;0.19255379603556982;977
1000;(1, 2);1;0.7;0.1;1.9009795476515254;0.19255379603556982;977
1000;(1, 2);1;0.9;0.1;1.9009795476515254;0.19255379603556982;977
1000;(1, 2);1;0.8;0.1;1.9009795476515254;0.19255379603556982;977
3000;(1, 4);3;0.8;0.01;1.9123622628330534;0.2040428064570289;981
3000;(1, 4);3;0.9;0.01;1.9123622628330534;0.2040428064570289;981
3000;(1, 4);3;0.6;0.01;1.9123622628330534;0.2040428064570289;981
3000;(1, 4);3;0.7;0.01;1.9123622628330534;0.2040428064570289;981
3000;(1, 4);1;0.8;0.01;1.9152707415269923;0.18534431216461073;985
3000;(1, 4);1;0.6;0.01;1.9152707415269923;0.18534431216461073;985
3000;(1, 4);1;0.9;0.01;1.9152707415269923;0.18534431216461073;985
3000;(1, 4);1;0.7;0.01;1.9152707415269923;0.18534431216461073;985
3000;(1, 3);1;0.6;0.01;1.9205174943110044;0.28998774290362067;989
3000;(1, 3);1;0.8;0.01;1.9205174943110044;0.28998774290362067;989
3000;(1, 3);1;0.9;0.01;1.9205174943110044;0.28998774290362067;989
3000;(1, 3);1;0.7;0.01;1.9205174943110044;0.28998774290362067;989
2000;(1, 1);1;0.9;0.1;1.9285109068293873;0.19970216519400652;993
5000;(1, 1);1;0.9;0.1;1.9285109068293873;0.19970216519400652;993
4000;(1, 1);1;0.9;0.1;1.9285109068293873;0.19970216519400652;993
3000;(1, 1);1;0.9;0.1;1.9285109068293873;0.19970216519400652;993
5000;(1, 1);1;0.8;0.1;1.9285109068293873;0.19970216519400652;993
3000;(1, 1);1;0.6;0.1;1.9285109068293873;0.19970216519400652;993
4000;(1, 1);1;0.8;0.1;1.9285109068293873;0.19970216519400652;993
2000;(1, 1);1;0.6;0.1;1.9285109068293873;0.19970216519400652;993
3000;(1, 1);1;0.7;0.1;1.9285109068293873;0.19970216519400652;993
5000;(1, 1);1;0.7;0.1;1.9285109068293873;0.19970216519400652;993
4000;(1, 1);1;0.7;0.1;1.9285109068293873;0.19970216519400652;993
4000;(1, 1);1;0.6;0.1;1.9285109068293873;0.19970216519400652;993
2000;(1, 1);1;0.7;0.1;1.9285109068293873;0.19970216519400652;993
2000;(1, 1);1;0.8;0.1;1.9285109068293873;0.19970216519400652;993
5000;(1, 1);1;0.6;0.1;1.9285109068293873;0.19970216519400652;993
3000;(1, 1);1;0.8;0.1;1.9285109068293873;0.19970216519400652;993
1000;(1, 1);1;0.7;0.1;1.9302575221174851;0.18769887235196323;1009
1000;(1, 1);1;0.8;0.1;1.9302575221174851;0.18769887235196323;1009
1000;(1, 1);1;0.6;0.1;1.9302575221174851;0.18769887235196323;1009
1000;(1, 1);1;0.9;0.1;1.9302575221174851;0.18769887235196323;1009
5000;(1, 1);3;0.9;0.1;1.9319336336034318;0.19519628219839266;1013
4000;(1, 1);3;0.6;0.1;1.9319336336034318;0.19519628219839266;1013
4000;(1, 1);3;0.9;0.1;1.9319336336034318;0.19519628219839266;1013
2000;(1, 1);3;0.7;0.1;1.9319336336034318;0.19519628219839266;1013
3000;(1, 1);3;0.7;0.1;1.9319336336034318;0.19519628219839266;1013
1000;(1, 1);3;0.6;0.1;1.9319336336034318;0.19519628219839266;1013
3000;(1, 1);3;0.9;0.1;1.9319336336034318;0.19519628219839266;1013
5000;(1, 1);3;0.8;0.1;1.9319336336034318;0.19519628219839266;1013
4000;(1, 1);3;0.7;0.1;1.9319336336034318;0.19519628219839266;1013
1000;(1, 1);3;0.9;0.1;1.9319336336034318;0.19519628219839266;1013
2000;(1, 1);3;0.6;0.1;1.9319336336034318;0.19519628219839266;1013
3000;(1, 1);3;0.6;0.1;1.9319336336034318;0.19519628219839266;1013
5000;(1, 1);3;0.7;0.1;1.9319336336034318;0.19519628219839266;1013
3000;(1, 1);3;0.8;0.1;1.9319336336034318;0.19519628219839266;1013
2000;(1, 1);3;0.9;0.1;1.9319336336034318;0.19519628219839266;1013
5000;(1, 1);3;0.6;0.1;1.9319336336034318;0.19519628219839266;1013
1000;(1, 1);3;0.8;0.1;1.9319336336034318;0.19519628219839266;1013
4000;(1, 1);3;0.8;0.1;1.9319336336034318;0.19519628219839266;1013
2000;(1, 1);3;0.8;0.1;1.9319336336034318;0.19519628219839266;1013
1000;(1, 1);3;0.7;0.1;1.9319336336034318;0.19519628219839266;1013
4000;(1, 2);3;0.7;0.01;1.9370991526304162;0.1765679546081299;1033
4000;(1, 2);3;0.6;0.01;1.9370991526304162;0.1765679546081299;1033
3000;(1, 2);3;0.7;0.01;1.9370991526304162;0.1765679546081299;1033
5000;(1, 2);3;0.8;0.01;1.9370991526304162;0.1765679546081299;1033
3000;(1, 2);3;0.8;0.01;1.9370991526304162;0.1765679546081299;1033
3000;(1, 2);3;0.9;0.01;1.9370991526304162;0.1765679546081299;1033
4000;(1, 2);3;0.8;0.01;1.9370991526304162;0.1765679546081299;1033
3000;(1, 2);3;0.6;0.01;1.9370991526304162;0.1765679546081299;1033
5000;(1, 2);3;0.9;0.01;1.9370991526304162;0.1765679546081299;1033
4000;(1, 2);3;0.9;0.01;1.9370991526304162;0.1765679546081299;1033
5000;(1, 2);3;0.6;0.01;1.9370991526304162;0.1765679546081299;1033
5000;(1, 2);3;0.7;0.01;1.9370991526304162;0.1765679546081299;1033
2000;(1, 1);2;0.9;0.1;1.9417137525931676;0.17949102902195863;1045
3000;(1, 1);2;0.6;0.1;1.9417137525931676;0.17949102902195863;1045
1000;(1, 1);2;0.6;0.1;1.9417137525931676;0.17949102902195863;1045
3000;(1, 1);2;0.8;0.1;1.9417137525931676;0.17949102902195863;1045
1000;(1, 1);2;0.9;0.1;1.9417137525931676;0.17949102902195863;1045
2000;(1, 1);2;0.6;0.1;1.9417137525931676;0.17949102902195863;1045
4000;(1, 1);2;0.6;0.1;1.9417137525931676;0.17949102902195863;1045
3000;(1, 1);2;0.9;0.1;1.9417137525931676;0.17949102902195863;1045
2000;(1, 1);2;0.8;0.1;1.9417137525931676;0.17949102902195863;1045
5000;(1, 1);2;0.8;0.1;1.9417137525931676;0.17949102902195863;1045
1000;(1, 1);2;0.8;0.1;1.9417137525931676;0.17949102902195863;1045
5000;(1, 1);2;0.7;0.1;1.9417137525931676;0.17949102902195863;1045
5000;(1, 1);2;0.6;0.1;1.9417137525931676;0.17949102902195863;1045
5000;(1, 1);2;0.9;0.1;1.9417137525931676;0.17949102902195863;1045
4000;(1, 1);2;0.7;0.1;1.9417137525931676;0.17949102902195863;1045
2000;(1, 1);2;0.7;0.1;1.9417137525931676;0.17949102902195863;1045
4000;(1, 1);2;0.9;0.1;1.9417137525931676;0.17949102902195863;1045
4000;(1, 1);2;0.8;0.1;1.9417137525931676;0.17949102902195863;1045
1000;(1, 1);2;0.7;0.1;1.9417137525931676;0.17949102902195863;1045
3000;(1, 1);2;0.7;0.1;1.9417137525931676;0.17949102902195863;1045
3000;(1, 4);2;0.9;0.01;1.9498679958714924;0.2813293235205964;1065
3000;(1, 4);2;0.6;0.01;1.9498679958714924;0.2813293235205964;1065
3000;(1, 4);2;0.7;0.01;1.9498679958714924;0.2813293235205964;1065
3000;(1, 4);2;0.8;0.01;1.9498679958714924;0.2813293235205964;1065
2000;(1, 2);2;0.9;0.01;1.9499754615369955;0.17247103261788274;1069
2000;(1, 2);2;0.7;0.01;1.9499754615369955;0.17247103261788274;1069
2000;(1, 2);2;0.8;0.01;1.9499754615369955;0.17247103261788274;1069
2000;(1, 2);2;0.6;0.01;1.9499754615369955;0.17247103261788274;1069
2000;(1, 2);1;0.9;0.01;1.9694759469373018;0.1841782922171809;1073
2000;(1, 2);1;0.7;0.01;1.9694759469373018;0.1841782922171809;1073
2000;(1, 2);1;0.8;0.01;1.9694759469373018;0.1841782922171809;1073
2000;(1, 2);1;0.6;0.01;1.9694759469373018;0.1841782922171809;1073
2000;(1, 2);3;0.7;0.01;2.028297628483327;0.25458076945996405;1077
2000;(1, 2);3;0.9;0.01;2.028297628483327;0.25458076945996405;1077
2000;(1, 2);3;0.8;0.01;2.028297628483327;0.25458076945996405;1077
2000;(1, 2);3;0.6;0.01;2.028297628483327;0.25458076945996405;1077
2000;(1, 3);1;0.6;0.01;2.07027620906309;0.2949835321737261;1081
2000;(1, 3);1;0.8;0.01;2.07027620906309;0.2949835321737261;1081
2000;(1, 3);1;0.9;0.01;2.07027620906309;0.2949835321737261;1081
2000;(1, 3);1;0.7;0.01;2.07027620906309;0.2949835321737261;1081
2000;(1, 3);3;0.8;0.01;2.0741510669760688;0.24011816741678088;1085
2000;(1, 3);3;0.6;0.01;2.0741510669760688;0.24011816741678088;1085
2000;(1, 3);3;0.9;0.01;2.0741510669760688;0.24011816741678088;1085
2000;(1, 3);3;0.7;0.01;2.0741510669760688;0.24011816741678088;1085
2000;(1, 4);3;0.9;0.01;2.0875683884884864;0.2713490137621106;1089
2000;(1, 4);3;0.6;0.01;2.0875683884884864;0.2713490137621106;1089
2000;(1, 4);3;0.8;0.01;2.0875683884884864;0.2713490137621106;1089
2000;(1, 4);3;0.7;0.01;2.0875683884884864;0.2713490137621106;1089
2000;(1, 3);2;0.7;0.01;2.111791964510748;0.3069550494335354;1093
2000;(1, 3);2;0.6;0.01;2.111791964510748;0.3069550494335354;1093
2000;(1, 3);2;0.8;0.01;2.111791964510748;0.3069550494335354;1093
2000;(1, 3);2;0.9;0.01;2.111791964510748;0.3069550494335354;1093
2000;(1, 4);2;0.6;0.01;2.1139996346384398;0.2907354123559772;1097
2000;(1, 4);2;0.7;0.01;2.1139996346384398;0.2907354123559772;1097
2000;(1, 4);2;0.9;0.01;2.1139996346384398;0.2907354123559772;1097
2000;(1, 4);2;0.8;0.01;2.1139996346384398;0.2907354123559772;1097
2000;(1, 4);1;0.7;0.01;2.151104777050345;0.3034962056082831;1101
2000;(1, 4);1;0.6;0.01;2.151104777050345;0.3034962056082831;1101
2000;(1, 4);1;0.9;0.01;2.151104777050345;0.3034962056082831;1101
2000;(1, 4);1;0.8;0.01;2.151104777050345;0.3034962056082831;1101
1000;(1, 4);3;0.8;0.01;2.2780918595634505;0.25260542429359545;1105
1000;(1, 4);3;0.7;0.01;2.2780918595634505;0.25260542429359545;1105
1000;(1, 4);3;0.6;0.01;2.2780918595634505;0.25260542429359545;1105
1000;(1, 4);3;0.9;0.01;2.2780918595634505;0.25260542429359545;1105
1000;(1, 4);1;0.8;0.01;2.284537538522261;0.26974712532390127;1109
1000;(1, 4);1;0.9;0.01;2.284537538522261;0.26974712532390127;1109
1000;(1, 4);1;0.7;0.01;2.284537538522261;0.26974712532390127;1109
1000;(1, 4);1;0.6;0.01;2.284537538522261;0.26974712532390127;1109
1000;(1, 3);1;0.9;0.01;2.2912230840465613;0.2646344671323727;1113
1000;(1, 3);1;0.6;0.01;2.2912230840465613;0.2646344671323727;1113
1000;(1, 3);1;0.8;0.01;2.2912230840465613;0.2646344671323727;1113
1000;(1, 3);1;0.7;0.01;2.2912230840465613;0.2646344671323727;1113
1000;(1, 3);2;0.9;0.01;2.300907578808002;0.2419172423625584;1117
1000;(1, 3);2;0.6;0.01;2.300907578808002;0.2419172423625584;1117
1000;(1, 3);2;0.8;0.01;2.300907578808002;0.2419172423625584;1117
1000;(1, 3);2;0.7;0.01;2.300907578808002;0.2419172423625584;1117
1000;(1, 2);2;0.8;0.01;2.3023038057123903;0.3164074994652096;1121
1000;(1, 2);2;0.7;0.01;2.3023038057123903;0.3164074994652096;1121
1000;(1, 2);2;0.9;0.01;2.3023038057123903;0.3164074994652096;1121
1000;(1, 2);2;0.6;0.01;2.3023038057123903;0.3164074994652096;1121
1000;(1, 3);3;0.7;0.01;2.310791959699295;0.2387590248775553;1125
1000;(1, 3);3;0.8;0.01;2.310791959699295;0.2387590248775553;1125
1000;(1, 3);3;0.6;0.01;2.310791959699295;0.2387590248775553;1125
1000;(1, 3);3;0.9;0.01;2.310791959699295;0.2387590248775553;1125
1000;(1, 4);2;0.8;0.01;2.3513566782438873;0.24550608289613193;1129
1000;(1, 4);2;0.7;0.01;2.3513566782438873;0.24550608289613193;1129
1000;(1, 4);2;0.6;0.01;2.3513566782438873;0.24550608289613193;1129
1000;(1, 4);2;0.9;0.01;2.3513566782438873;0.24550608289613193;1129
1000;(1, 2);1;0.6;0.01;2.357288390455369;0.21692385567560085;1133
1000;(1, 2);1;0.8;0.01;2.357288390455369;0.21692385567560085;1133
1000;(1, 2);1;0.9;0.01;2.357288390455369;0.21692385567560085;1133
1000;(1, 2);1;0.7;0.01;2.357288390455369;0.21692385567560085;1133
2000;(1, 1);3;0.6;0.01;2.361602508146226;0.1811294658012754;1137
3000;(1, 1);3;0.6;0.01;2.361602508146226;0.1811294658012754;1137
2000;(1, 1);3;0.8;0.01;2.361602508146226;0.1811294658012754;1137
1000;(1, 1);3;0.8;0.01;2.361602508146226;0.1811294658012754;1137
2000;(1, 1);3;0.7;0.01;2.361602508146226;0.1811294658012754;1137
1000;(1, 1);3;0.7;0.01;2.361602508146226;0.1811294658012754;1137
4000;(1, 1);3;0.6;0.01;2.361602508146226;0.1811294658012754;1137
3000;(1, 1);3;0.7;0.01;2.361602508146226;0.1811294658012754;1137
3000;(1, 1);3;0.9;0.01;2.361602508146226;0.1811294658012754;1137
5000;(1, 1);3;0.6;0.01;2.361602508146226;0.1811294658012754;1137
4000;(1, 1);3;0.9;0.01;2.361602508146226;0.1811294658012754;1137
1000;(1, 1);3;0.9;0.01;2.361602508146226;0.1811294658012754;1137
5000;(1, 1);3;0.7;0.01;2.361602508146226;0.1811294658012754;1137
1000;(1, 1);3;0.6;0.01;2.361602508146226;0.1811294658012754;1137
5000;(1, 1);3;0.9;0.01;2.361602508146226;0.1811294658012754;1137
5000;(1, 1);3;0.8;0.01;2.361602508146226;0.1811294658012754;1137
4000;(1, 1);3;0.7;0.01;2.361602508146226;0.1811294658012754;1137
4000;(1, 1);3;0.8;0.01;2.361602508146226;0.1811294658012754;1137
3000;(1, 1);3;0.8;0.01;2.361602508146226;0.1811294658012754;1137
2000;(1, 1);3;0.9;0.01;2.361602508146226;0.1811294658012754;1137
1000;(1, 2);3;0.7;0.01;2.392153374665726;0.2661688887130634;1157
1000;(1, 2);3;0.9;0.01;2.392153374665726;0.2661688887130634;1157
1000;(1, 2);3;0.6;0.01;2.392153374665726;0.2661688887130634;1157
1000;(1, 2);3;0.8;0.01;2.392153374665726;0.2661688887130634;1157
1000;(1, 1);1;0.6;0.01;2.4733503138191173;0.16016128861177564;1161
1000;(1, 1);1;0.8;0.01;2.4733503138191173;0.16016128861177564;1161
1000;(1, 1);1;0.9;0.01;2.4733503138191173;0.16016128861177564;1161
1000;(1, 1);1;0.7;0.01;2.4733503138191173;0.16016128861177564;1161
2000;(1, 1);1;0.9;0.01;2.475407294310366;0.22456998269790743;1165
2000;(1, 1);1;0.8;0.01;2.475407294310366;0.22456998269790743;1165
3000;(1, 1);1;0.8;0.01;2.475407294310366;0.22456998269790743;1165
4000;(1, 1);1;0.8;0.01;2.475407294310366;0.22456998269790743;1165
5000;(1, 1);1;0.7;0.01;2.475407294310366;0.22456998269790743;1165
5000;(1, 1);1;0.8;0.01;2.475407294310366;0.22456998269790743;1165
4000;(1, 1);1;0.7;0.01;2.475407294310366;0.22456998269790743;1165
3000;(1, 1);1;0.6;0.01;2.475407294310366;0.22456998269790743;1165
3000;(1, 1);1;0.7;0.01;2.475407294310366;0.22456998269790743;1165
2000;(1, 1);1;0.7;0.01;2.475407294310366;0.22456998269790743;1165
3000;(1, 1);1;0.9;0.01;2.475407294310366;0.22456998269790743;1165
4000;(1, 1);1;0.6;0.01;2.475407294310366;0.22456998269790743;1165
5000;(1, 1);1;0.6;0.01;2.475407294310366;0.22456998269790743;1165
4000;(1, 1);1;0.9;0.01;2.475407294310366;0.22456998269790743;1165
5000;(1, 1);1;0.9;0.01;2.475407294310366;0.22456998269790743;1165
2000;(1, 1);1;0.6;0.01;2.475407294310366;0.22456998269790743;1165
1000;(1, 1);2;0.7;0.01;2.4808643796928433;0.19269576140747682;1181
2000;(1, 1);2;0.8;0.01;2.4808643796928433;0.19269576140747682;1181
1000;(1, 1);2;0.8;0.01;2.4808643796928433;0.19269576140747682;1181
4000;(1, 1);2;0.6;0.01;2.4808643796928433;0.19269576140747682;1181
3000;(1, 1);2;0.8;0.01;2.4808643796928433;0.19269576140747682;1181
5000;(1, 1);2;0.7;0.01;2.4808643796928433;0.19269576140747682;1181
5000;(1, 1);2;0.6;0.01;2.4808643796928433;0.19269576140747682;1181
4000;(1, 1);2;0.8;0.01;2.4808643796928433;0.19269576140747682;1181
5000;(1, 1);2;0.9;0.01;2.4808643796928433;0.19269576140747682;1181
5000;(1, 1);2;0.8;0.01;2.4808643796928433;0.19269576140747682;1181
4000;(1, 1);2;0.9;0.01;2.4808643796928433;0.19269576140747682;1181
4000;(1, 1);2;0.7;0.01;2.4808643796928433;0.19269576140747682;1181
1000;(1, 1);2;0.9;0.01;2.4808643796928433;0.19269576140747682;1181
2000;(1, 1);2;0.6;0.01;2.4808643796928433;0.19269576140747682;1181
2000;(1, 1);2;0.9;0.01;2.4808643796928433;0.19269576140747682;1181
3000;(1, 1);2;0.7;0.01;2.4808643796928433;0.19269576140747682;1181
3000;(1, 1);2;0.9;0.01;2.4808643796928433;0.19269576140747682;1181
2000;(1, 1);2;0.7;0.01;2.4808643796928433;0.19269576140747682;1181
1000;(1, 1);2;0.6;0.01;2.4808643796928433;0.19269576140747682;1181
3000;(1, 1);2;0.6;0.01;2.4808643796928433;0.19269576140747682;1181
